,0,1,2,3,4,5,6,7,TARGET
0,0.58,0.61,0.47,0.13,0.5,0.0,0.48,0.22,-1
1,0.43,0.67,0.48,0.27,0.5,0.0,0.53,0.22,-1
2,0.64,0.62,0.49,0.15,0.5,0.0,0.53,0.22,-1
3,0.58,0.44,0.57,0.13,0.5,0.0,0.54,0.22,-1
4,0.42,0.44,0.48,0.54,0.5,0.0,0.48,0.22,-1
5,0.51,0.4,0.56,0.17,0.5,0.5,0.49,0.22,-1
6,0.5,0.54,0.48,0.65,0.5,0.0,0.53,0.22,-1
7,0.48,0.45,0.59,0.2,0.5,0.0,0.58,0.34,-1
8,0.55,0.5,0.66,0.36,0.5,0.0,0.49,0.22,-1
9,0.4,0.39,0.6,0.15,0.5,0.0,0.58,0.3,-1
10,0.43,0.39,0.54,0.21,0.5,0.0,0.53,0.27,-1
11,0.42,0.37,0.59,0.2,0.5,0.0,0.52,0.29,-1
12,0.4,0.42,0.57,0.35,0.5,0.0,0.53,0.25,-1
13,0.6,0.4,0.52,0.46,0.5,0.0,0.53,0.22,-1
14,0.66,0.55,0.45,0.19,0.5,0.0,0.46,0.22,-1
15,0.46,0.44,0.52,0.11,0.5,0.0,0.5,0.22,-1
16,0.47,0.39,0.5,0.11,0.5,0.0,0.49,0.4,-1
17,0.58,0.47,0.54,0.11,0.5,0.0,0.51,0.26,-1
18,0.5,0.34,0.55,0.21,0.5,0.0,0.49,0.22,-1
19,0.61,0.6,0.55,0.21,0.5,0.0,0.5,0.25,-1
20,0.45,0.4,0.5,0.16,0.5,0.0,0.5,0.22,-1
21,0.43,0.44,0.48,0.22,0.5,0.0,0.51,0.22,-1
22,0.73,0.63,0.42,0.3,0.5,0.0,0.49,0.22,-1
23,0.43,0.53,0.52,0.13,0.5,0.0,0.55,0.22,-1
24,0.46,0.53,0.52,0.15,0.5,0.0,0.58,0.22,-1
25,0.51,0.51,0.52,0.51,0.5,0.0,0.54,0.22,-1
26,0.59,0.45,0.53,0.19,0.5,0.0,0.59,0.27,-1
27,0.57,0.47,0.6,0.18,0.5,0.0,0.51,0.22,-1
28,0.63,0.67,0.57,0.24,0.5,0.0,0.49,0.22,-1
29,0.8,0.88,0.36,0.39,0.5,0.0,0.56,0.33,-1
30,0.53,0.54,0.43,0.1,0.5,0.0,0.57,0.32,-1
31,0.51,0.51,0.43,0.87,0.5,0.0,0.52,0.22,-1
32,0.38,0.61,0.61,0.12,0.5,0.0,0.53,0.47,-1
33,0.33,0.55,0.51,0.43,0.5,0.0,0.51,0.22,-1
34,0.78,0.74,0.42,0.26,0.5,0.0,0.43,0.22,-1
35,0.74,0.67,0.47,0.34,0.5,0.0,0.42,0.22,-1
36,0.72,0.61,0.45,0.3,0.5,0.0,0.54,0.25,-1
37,0.4,0.45,0.57,0.18,0.5,0.0,0.56,0.26,-1
38,0.59,0.53,0.43,0.44,0.5,0.0,0.5,0.22,-1
39,0.57,0.53,0.53,0.34,0.5,0.0,0.53,0.22,-1
40,0.86,0.68,0.39,0.24,0.5,0.0,0.54,0.22,1
41,0.86,0.74,0.51,0.4,0.5,0.0,0.55,0.22,1
42,0.79,0.57,0.41,0.28,0.5,0.0,0.59,0.22,1
43,0.41,0.54,0.39,0.2,0.5,0.0,0.51,0.22,-1
44,0.37,0.36,0.56,0.18,0.5,0.0,0.48,0.26,-1
45,0.53,0.31,0.58,0.39,0.5,0.0,0.47,0.37,-1
46,0.74,0.75,0.58,0.47,0.5,0.0,0.4,0.35,1
47,0.49,0.39,0.52,0.29,0.5,0.0,0.48,0.22,-1
48,0.74,0.57,0.51,0.28,0.5,0.0,0.58,0.22,-1
49,0.42,0.24,0.34,0.16,0.5,0.0,0.5,0.22,-1
50,0.48,0.39,0.51,0.21,0.5,0.0,0.52,0.28,-1
51,0.41,0.53,0.45,0.14,0.5,0.0,0.52,0.66,-1
52,0.45,0.46,0.55,0.43,0.5,0.0,0.55,0.38,-1
53,0.56,0.48,0.58,0.27,0.5,0.0,0.51,0.22,-1
54,0.64,0.59,0.56,0.23,0.5,0.0,0.46,0.22,-1
55,0.64,0.56,0.56,0.22,0.5,0.0,0.45,0.22,-1
56,0.66,0.62,0.49,0.1,0.5,0.0,0.49,0.22,-1
57,0.53,0.44,0.51,0.33,0.5,0.0,0.55,0.22,-1
58,0.38,0.49,0.53,0.19,0.5,0.0,0.5,0.22,-1
59,0.45,0.58,0.48,0.67,0.5,0.0,0.52,0.22,-1
60,0.43,0.35,0.52,0.52,0.5,0.0,0.54,0.22,-1
61,0.37,0.32,0.47,0.18,0.5,0.0,0.45,0.25,-1
62,0.48,0.43,0.51,0.32,0.5,0.0,0.52,0.43,-1
63,0.41,0.46,0.59,0.19,0.5,0.0,0.58,0.27,-1
64,0.54,0.48,0.44,0.08,0.5,0.0,0.52,0.27,-1
65,0.6,0.47,0.45,0.22,0.5,0.0,0.51,0.29,-1
66,0.34,0.46,0.57,0.09,0.5,0.0,0.55,0.22,-1
67,0.48,0.54,0.55,0.12,0.5,0.0,0.51,0.22,-1
68,0.47,0.39,0.59,0.15,0.5,0.0,0.57,0.22,-1
69,0.81,0.85,0.47,0.37,0.5,0.0,0.56,0.22,-1
70,0.48,0.42,0.52,0.24,0.5,0.0,0.56,0.22,-1
71,0.58,0.51,0.49,0.27,0.5,0.0,0.57,0.29,-1
72,0.6,0.5,0.44,0.61,0.5,0.0,0.47,0.22,-1
73,0.45,0.55,0.54,0.66,0.5,0.0,0.47,0.22,-1
74,0.46,0.49,0.58,0.23,0.5,0.0,0.44,0.22,-1
75,0.49,0.42,0.56,0.55,0.5,0.0,0.42,0.25,-1
76,0.63,0.53,0.54,0.4,0.5,0.0,0.5,0.22,-1
77,0.5,0.54,0.53,0.54,0.5,0.0,0.51,0.27,-1
78,0.63,0.57,0.59,0.4,0.5,0.0,0.38,0.22,-1
79,0.43,0.57,0.51,0.49,0.5,0.0,0.48,0.22,-1
80,0.48,0.45,0.55,0.5,0.5,0.0,0.53,0.22,-1
81,0.5,0.58,0.46,0.46,0.5,0.0,0.46,0.22,-1
82,0.51,0.54,0.6,0.57,0.5,0.0,0.58,0.22,-1
83,0.54,0.52,0.63,0.37,0.5,0.0,0.46,0.22,-1
84,0.67,0.62,0.4,0.43,0.5,0.83,0.5,0.22,-1
85,0.28,0.58,0.21,0.13,0.5,0.0,0.51,0.22,-1
86,0.39,0.44,0.35,0.16,0.5,0.0,0.55,0.22,-1
87,0.8,0.63,0.45,0.29,0.5,0.0,0.51,0.22,-1
88,0.5,0.52,0.59,0.3,0.5,0.0,0.51,0.35,-1
89,0.42,0.47,0.52,0.41,0.5,0.0,0.53,0.32,-1
90,0.36,0.46,0.62,0.46,0.5,0.0,0.51,0.33,-1
91,0.46,0.38,0.47,0.22,0.5,0.0,0.52,0.27,-1
92,0.4,0.45,0.56,0.2,0.5,0.0,0.45,0.22,-1
93,0.33,0.43,0.64,0.16,0.5,0.0,0.52,0.52,-1
94,0.49,0.61,0.49,0.25,0.5,0.0,0.5,0.28,-1
95,0.38,0.5,0.37,0.26,0.5,0.0,0.43,0.22,-1
96,0.69,0.7,0.52,0.36,0.5,0.0,0.46,0.22,-1
97,0.61,0.72,0.39,0.33,0.5,0.0,0.58,0.22,-1
98,0.78,0.75,0.4,0.28,0.5,0.0,0.53,0.22,-1
99,0.64,0.57,0.57,0.27,0.5,0.0,0.37,0.22,-1
100,0.36,0.58,0.35,0.24,0.5,0.0,0.44,0.22,-1
101,0.36,0.43,0.39,0.12,0.5,0.0,0.49,0.22,-1
102,0.47,0.52,0.5,0.4,0.5,0.0,0.41,0.22,-1
103,0.48,0.23,0.57,0.27,0.5,0.0,0.48,0.47,-1
104,0.47,0.39,0.55,0.24,0.5,0.0,0.47,0.22,-1
105,0.44,0.59,0.36,0.16,0.5,0.0,0.52,0.22,-1
106,0.42,0.35,0.54,0.18,0.5,0.0,0.56,0.22,-1
107,0.3,0.56,0.55,0.18,0.5,0.0,0.5,0.22,-1
108,0.65,0.65,0.52,0.16,0.5,0.0,0.6,0.22,-1
109,0.27,0.6,0.48,0.23,0.5,0.0,0.55,0.22,-1
110,0.45,0.41,0.5,0.46,0.5,0.5,0.5,0.27,-1
111,0.44,0.52,0.41,0.23,0.5,0.0,0.51,0.22,-1
112,0.3,0.32,0.57,0.19,0.5,0.0,0.48,0.55,-1
113,0.4,0.44,0.49,0.47,0.5,0.0,0.49,0.27,-1
114,0.45,0.51,0.5,0.16,0.5,0.0,0.52,1.0,-1
115,0.45,0.45,0.5,0.6,0.5,0.0,0.49,0.22,-1
116,0.59,0.67,0.56,0.41,0.5,0.0,0.47,0.22,-1
117,0.47,0.47,0.57,0.48,0.5,0.0,0.48,0.22,-1
118,0.35,0.52,0.48,0.22,0.5,0.0,0.26,0.22,-1
119,0.47,0.41,0.66,0.26,0.5,0.0,0.53,0.22,-1
120,0.64,0.62,0.29,0.28,0.5,0.0,0.51,0.22,-1
121,0.55,0.53,0.55,0.46,0.5,0.0,0.52,0.22,-1
122,0.67,0.62,0.54,0.43,0.5,0.0,0.53,0.22,-1
123,0.59,0.6,0.49,0.43,0.5,0.0,0.53,0.31,-1
124,0.54,0.55,0.34,0.31,0.5,0.0,0.54,0.22,-1
125,0.58,0.62,0.54,0.17,0.5,0.0,0.48,0.22,-1
126,0.4,0.38,0.53,0.16,0.5,0.0,0.52,0.27,-1
127,0.46,0.71,0.48,0.53,0.5,0.0,0.53,0.22,-1
128,0.53,0.51,0.55,0.05,0.5,0.0,0.45,0.25,-1
129,0.41,0.4,0.59,0.47,0.5,0.0,0.48,0.43,-1
130,0.5,0.64,0.57,0.15,0.5,0.0,0.47,0.22,-1
131,0.4,0.62,0.52,0.31,0.5,0.0,0.49,0.31,-1
132,0.6,0.5,0.57,0.25,0.5,0.0,0.41,0.26,-1
133,0.62,0.51,0.52,0.42,0.5,0.0,0.54,0.27,-1
134,0.35,0.58,0.54,0.16,0.5,0.0,0.51,0.22,-1
135,0.34,0.54,0.5,0.21,0.5,0.0,0.54,0.31,-1
136,0.39,0.58,0.5,0.26,0.5,0.0,0.54,0.59,-1
137,0.48,0.54,0.5,0.17,0.5,0.0,0.53,0.22,-1
138,0.29,0.32,0.58,0.15,0.5,0.0,0.5,0.3,-1
139,0.47,0.32,0.64,0.3,0.5,0.0,0.63,0.22,-1
140,0.39,0.47,0.56,0.16,0.5,0.0,0.47,0.22,-1
141,0.58,0.48,0.51,0.47,0.5,0.0,0.55,0.22,-1
142,0.64,0.6,0.57,0.19,0.5,0.0,0.43,0.22,-1
143,0.37,0.46,0.4,0.27,0.5,0.0,0.45,0.22,-1
144,0.43,0.57,0.53,0.16,0.5,0.0,0.54,0.22,-1
145,0.28,0.37,0.61,0.09,0.5,0.0,0.52,0.55,-1
146,0.59,0.48,0.5,0.14,0.5,0.0,0.45,0.25,-1
147,0.39,0.55,0.48,0.31,0.5,0.0,0.54,0.29,-1
148,0.26,0.36,0.47,0.34,0.5,0.0,0.53,0.72,-1
149,0.51,0.34,0.5,0.19,0.5,0.0,0.5,0.22,-1
150,0.58,0.5,0.5,0.12,0.5,0.0,0.48,0.25,-1
151,0.44,0.39,0.53,0.14,0.5,0.0,0.54,0.44,-1
152,0.41,0.39,0.44,0.34,0.5,0.0,0.48,0.4,-1
153,0.45,0.43,0.51,0.24,0.5,0.0,0.54,0.33,-1
154,0.36,0.68,0.46,0.16,0.5,0.0,0.53,0.28,-1
155,0.42,0.31,0.5,0.15,0.5,0.0,0.53,0.22,-1
156,0.42,0.43,0.56,0.1,0.5,0.0,0.49,0.22,-1
157,0.67,0.71,0.52,0.65,0.5,0.0,0.53,0.36,-1
158,0.49,0.47,0.53,0.16,0.5,0.0,0.48,0.27,-1
159,0.71,0.59,0.48,0.43,0.5,0.0,0.59,0.22,-1
160,0.4,0.42,0.71,0.21,0.5,0.0,0.54,0.32,-1
161,0.4,0.42,0.71,0.21,0.5,0.0,0.54,0.32,-1
162,0.54,0.49,0.49,0.2,0.5,0.0,0.52,0.22,-1
163,0.42,0.51,0.5,0.12,0.5,0.0,0.52,0.46,-1
164,0.57,0.51,0.53,0.18,0.5,0.0,0.56,0.25,-1
165,0.35,0.45,0.43,0.11,0.5,0.0,0.56,0.22,-1
166,0.42,0.42,0.42,0.2,0.5,0.0,0.49,0.22,-1
167,0.26,0.5,0.33,0.28,0.5,0.0,0.51,0.22,-1
168,0.39,0.42,0.38,0.4,0.5,0.0,0.49,0.47,-1
169,0.26,0.44,0.3,0.11,0.5,0.0,0.51,0.47,-1
170,0.31,0.44,0.53,0.23,0.5,0.0,0.51,0.32,-1
171,0.48,0.61,0.44,0.2,0.5,0.0,0.47,0.22,-1
172,0.66,0.45,0.5,0.23,0.5,0.0,0.49,0.22,-1
173,0.21,0.41,0.55,0.11,0.5,0.0,0.5,0.27,-1
174,0.38,0.68,0.44,0.45,0.5,0.0,0.53,0.22,-1
175,0.44,0.38,0.48,0.32,0.5,0.83,0.53,0.22,-1
176,0.31,0.31,0.56,0.33,0.5,0.0,0.52,0.33,-1
177,0.49,0.31,0.49,0.35,0.5,0.0,0.51,0.29,-1
178,0.38,0.37,0.56,0.21,0.5,0.0,0.49,0.22,-1
179,0.39,0.4,0.53,0.67,0.5,0.0,0.47,0.22,-1
180,0.24,0.34,0.69,0.18,0.5,0.0,0.52,0.22,-1
181,0.49,0.43,0.51,0.13,0.5,0.0,0.47,0.22,-1
182,0.54,0.38,0.52,0.18,0.5,0.0,0.48,0.22,-1
183,0.43,0.57,0.53,0.53,0.5,0.0,0.53,0.25,-1
184,0.48,0.64,0.61,0.23,0.5,0.0,0.6,0.22,-1
185,0.31,0.55,0.52,0.17,0.5,0.0,0.52,0.22,-1
186,0.32,0.57,0.5,0.15,0.5,0.0,0.53,0.22,-1
187,0.32,0.42,0.52,0.24,0.5,0.0,0.6,0.22,-1
188,0.59,0.5,0.52,0.28,0.5,0.0,0.55,0.25,-1
189,0.37,0.42,0.51,0.11,0.5,0.0,0.57,0.22,-1
190,0.75,0.7,0.38,0.27,0.5,0.0,0.49,0.22,-1
191,0.61,0.72,0.31,0.33,0.5,0.0,0.56,0.22,-1
192,0.44,0.42,0.6,0.21,0.5,0.0,0.57,0.22,-1
193,0.52,0.51,0.51,0.54,0.5,0.0,0.55,0.27,-1
194,0.63,0.56,0.45,0.58,0.5,0.0,0.51,0.22,-1
195,0.52,0.56,0.54,0.53,0.5,0.0,0.45,0.22,-1
196,0.58,0.58,0.58,0.49,0.5,0.0,0.49,0.26,-1
197,0.72,0.62,0.34,0.29,0.5,0.0,0.56,0.28,-1
198,0.72,0.61,0.37,0.3,0.5,0.0,0.57,0.22,-1
199,0.46,0.43,0.38,0.33,0.5,0.0,0.48,0.28,-1
200,0.57,0.57,0.44,0.37,0.5,0.0,0.52,0.25,-1
201,0.42,0.31,0.62,0.12,0.5,0.0,0.4,0.22,-1
202,0.49,0.46,0.45,0.45,0.5,0.0,0.52,0.22,-1
203,0.42,0.58,0.41,0.65,0.5,0.0,0.46,0.26,-1
204,0.59,0.61,0.34,0.22,0.5,0.0,0.51,0.22,-1
205,0.52,0.77,0.38,0.34,0.5,0.0,0.51,0.22,-1
206,0.5,0.52,0.6,0.51,0.5,0.0,0.48,0.22,-1
207,0.49,0.6,0.43,0.56,0.5,0.0,0.36,0.22,-1
208,0.5,0.41,0.44,0.5,0.5,0.0,0.42,0.22,-1
209,0.5,0.4,0.56,0.7,0.5,0.0,0.5,0.22,-1
210,0.37,0.58,0.44,0.51,0.5,0.0,0.44,0.22,-1
211,0.55,0.45,0.45,0.54,0.5,0.0,0.5,0.22,-1
212,0.67,0.68,0.46,0.29,0.5,0.0,0.46,0.22,-1
213,0.53,0.51,0.46,0.28,0.5,0.0,0.48,0.22,-1
214,0.35,0.66,0.49,0.21,0.5,0.0,0.54,0.25,-1
215,0.52,0.4,0.6,0.12,0.5,0.0,0.55,0.22,-1
216,0.77,0.79,0.58,0.23,0.5,0.0,0.48,0.22,-1
217,0.47,0.46,0.59,0.49,0.5,0.0,0.56,0.22,-1
218,0.73,0.83,0.43,0.3,0.5,0.0,0.55,0.22,-1
219,0.78,0.74,0.58,0.25,1.0,0.0,0.53,0.22,-1
220,0.7,0.65,0.54,0.28,0.5,0.0,0.6,0.4,-1
221,0.47,0.54,0.37,0.14,0.5,0.0,0.5,0.22,-1
222,0.56,0.52,0.48,0.17,0.5,0.0,0.46,0.22,-1
223,0.57,0.41,0.59,0.24,0.5,0.0,0.4,0.22,-1
224,0.56,0.41,0.58,0.21,0.5,0.0,0.42,0.22,-1
225,0.58,0.56,0.45,0.12,0.5,0.0,0.51,0.22,-1
226,0.53,0.38,0.66,0.25,0.5,0.0,0.43,0.22,-1
227,0.34,0.36,0.54,0.11,0.5,0.0,0.36,0.21,-1
228,0.69,0.61,0.38,0.27,0.5,0.0,0.52,0.22,1
229,0.37,0.53,0.6,0.19,0.5,0.5,0.42,0.22,-1
230,0.41,0.45,0.53,0.17,0.5,0.0,0.51,0.25,-1
231,0.31,0.46,0.54,0.52,0.5,0.0,0.5,0.34,-1
232,0.36,0.37,0.33,0.14,0.5,0.0,0.57,0.31,-1
233,0.82,0.78,0.49,0.23,0.5,0.0,0.46,0.22,-1
234,0.82,0.75,0.54,0.23,0.5,0.0,0.46,0.22,-1
235,0.41,0.51,0.58,0.15,0.5,0.0,0.45,0.27,-1
236,0.38,0.51,0.75,0.17,0.5,0.0,0.55,0.22,-1
237,0.38,0.51,0.75,0.17,0.5,0.0,0.55,0.22,-1
238,0.53,0.44,0.51,0.33,0.5,0.0,0.52,0.22,-1
239,0.46,0.54,0.71,0.15,0.5,0.0,0.59,0.22,-1
240,0.4,0.56,0.48,0.14,0.5,0.0,0.47,0.22,-1
241,0.53,0.53,0.6,0.13,0.5,0.0,0.49,0.22,-1
242,0.42,0.57,0.72,0.22,0.5,0.0,0.57,0.22,-1
243,0.45,0.27,0.57,0.36,0.5,0.0,0.52,0.18,-1
244,0.2,0.26,0.52,0.14,0.5,0.0,0.53,0.44,-1
245,0.51,0.53,0.55,0.14,0.5,0.0,0.51,0.22,-1
246,0.44,0.68,0.45,0.51,0.5,0.0,0.52,0.41,-1
247,0.27,0.39,0.66,0.11,0.5,0.0,0.44,0.22,-1
248,0.55,0.42,0.34,0.3,0.5,0.0,0.52,0.22,-1
249,0.34,0.42,0.3,0.23,0.5,0.0,0.53,0.22,-1
250,0.44,0.53,0.52,0.23,0.5,0.83,0.51,0.22,-1
251,0.59,0.58,0.56,0.21,0.5,0.0,0.54,0.33,-1
252,0.39,0.28,0.46,0.12,0.5,0.0,0.41,0.22,-1
253,0.56,0.43,0.54,0.16,0.5,0.0,0.5,0.22,-1
254,0.36,0.68,0.38,0.08,0.5,0.0,0.53,0.25,-1
255,0.27,0.36,0.6,0.33,0.5,0.0,0.37,0.31,-1
256,0.35,0.4,0.59,0.22,0.5,0.0,0.47,0.37,-1
257,0.42,0.32,0.5,0.21,0.5,0.0,0.51,0.22,-1
258,0.23,0.2,0.53,0.2,0.5,0.0,0.44,0.22,-1
259,0.55,0.54,0.56,0.22,0.5,0.0,0.5,0.37,-1
260,0.36,0.24,0.49,0.16,0.5,0.0,0.51,0.22,-1
261,0.38,0.48,0.59,0.22,0.5,0.0,0.46,0.22,-1
262,0.8,0.46,0.5,0.15,0.5,0.0,0.53,0.22,-1
263,0.6,0.56,0.47,0.2,0.5,0.0,0.5,0.38,-1
264,0.41,0.24,0.54,0.26,0.5,0.0,0.41,0.22,-1
265,0.47,0.65,0.54,0.62,0.5,0.0,0.53,0.36,-1
266,0.43,0.39,0.54,0.14,0.5,0.0,0.47,0.22,-1
267,0.5,0.51,0.52,0.09,0.5,0.0,0.48,0.25,-1
268,0.53,0.61,0.52,0.21,0.5,0.0,0.55,0.3,-1
269,0.54,0.42,0.41,0.16,0.5,0.0,0.52,0.22,1
270,0.46,0.35,0.53,0.16,0.5,0.0,0.51,0.29,-1
271,0.46,0.43,0.49,0.79,0.5,0.0,0.49,0.63,-1
272,0.51,0.55,0.35,0.16,0.5,0.0,0.51,0.47,-1
273,0.56,0.52,0.55,0.19,0.5,0.0,0.54,0.22,-1
274,0.61,0.3,0.59,0.12,0.5,0.0,0.49,0.27,-1
275,0.37,0.53,0.46,0.23,0.5,0.0,0.47,0.22,-1
276,0.83,0.58,0.33,0.04,0.5,0.0,0.53,0.22,1
277,0.39,0.45,0.53,0.18,0.5,0.0,0.54,0.22,-1
278,0.52,0.54,0.5,0.21,0.5,0.0,0.48,0.3,-1
279,0.35,0.39,0.57,0.11,0.5,0.0,0.48,0.22,-1
280,0.36,0.49,0.3,0.22,0.5,0.0,0.52,0.31,-1
281,0.78,0.7,0.32,0.23,0.5,0.0,0.53,0.22,-1
282,0.55,0.46,0.53,0.11,0.5,0.0,0.52,0.48,-1
283,0.45,0.56,0.54,0.32,0.5,0.0,0.57,0.22,-1
284,0.45,0.56,0.53,0.32,0.5,0.0,0.57,0.22,-1
285,0.29,0.43,0.4,0.15,0.5,0.0,0.53,0.22,-1
286,0.52,0.75,0.37,0.14,0.5,0.0,0.46,0.22,-1
287,0.71,0.56,0.39,0.27,0.5,0.0,0.52,0.22,1
288,0.58,0.6,0.43,0.12,0.5,0.0,0.55,0.22,-1
289,0.54,0.65,0.49,0.34,0.5,0.0,0.52,0.22,-1
290,0.57,0.59,0.44,0.16,0.5,0.0,0.52,0.22,1
291,0.59,0.58,0.46,0.19,0.5,0.0,0.56,0.27,-1
292,0.92,0.61,0.4,0.22,0.5,0.0,0.54,0.22,1
293,0.55,0.56,0.45,0.14,0.5,0.0,0.54,0.22,-1
294,0.63,0.61,0.41,0.22,0.5,0.0,0.51,0.22,-1
295,0.58,0.53,0.38,0.18,0.5,0.0,0.52,0.22,-1
296,0.36,0.46,0.43,0.19,0.5,0.0,0.48,0.22,-1
297,0.32,0.47,0.55,0.12,0.5,0.0,0.52,0.22,-1
298,0.34,0.38,0.45,0.19,0.5,0.0,0.51,0.22,1
299,0.62,0.58,0.46,0.13,0.5,0.0,0.53,0.22,-1
300,0.53,0.68,0.42,0.19,0.5,0.0,0.53,0.22,-1
301,0.73,0.55,0.41,0.16,0.5,0.0,0.46,0.22,1
302,0.55,0.46,0.46,0.31,0.5,0.0,0.58,0.48,-1
303,0.35,0.6,0.47,0.13,0.5,0.0,0.52,0.43,-1
304,0.77,0.8,0.51,0.4,1.0,0.0,0.54,0.22,-1
305,0.77,0.87,0.47,0.37,0.5,0.0,0.48,0.22,-1
306,0.35,0.46,0.49,0.15,1.0,0.0,0.55,0.35,-1
307,0.43,0.51,0.48,0.14,0.5,0.0,0.5,0.22,-1
308,0.57,0.61,0.45,0.26,0.5,0.0,0.5,0.22,-1
309,0.63,0.62,0.42,0.12,0.5,0.0,0.52,0.25,-1
310,0.25,0.4,0.51,0.18,0.5,0.0,0.5,0.27,-1
311,0.56,0.62,0.53,0.24,0.5,0.0,0.57,0.22,-1
312,0.58,0.6,0.51,0.24,0.5,0.0,0.53,0.22,-1
313,0.71,0.59,0.53,0.15,0.5,0.0,0.49,0.33,-1
314,0.46,0.35,0.33,0.17,0.5,0.0,0.55,0.22,-1
315,0.54,0.55,0.42,0.22,0.5,0.0,0.48,0.22,-1
316,0.39,0.44,0.28,0.12,0.5,0.0,0.46,0.27,-1
317,0.33,0.44,0.49,0.08,0.5,0.0,0.48,0.49,-1
318,0.81,0.82,0.41,0.36,0.5,0.0,0.39,0.22,-1
319,0.69,0.6,0.51,0.13,0.5,0.83,0.52,0.22,-1
320,0.46,0.48,0.44,0.21,0.5,0.0,0.55,0.22,-1
321,0.35,0.36,0.57,0.17,0.5,0.0,0.52,0.22,-1
322,0.74,0.72,0.47,0.25,0.5,0.0,0.57,0.22,-1
323,0.54,0.57,0.52,0.19,0.5,0.0,0.59,0.67,-1
324,0.42,0.52,0.4,0.17,0.5,0.0,0.5,0.26,-1
325,0.91,0.77,0.34,0.47,0.5,0.0,0.52,0.31,-1
326,0.81,0.9,0.39,0.41,0.5,0.0,0.53,0.22,1
327,0.45,0.4,0.56,0.14,0.5,0.0,0.54,0.22,-1
328,0.47,0.47,0.58,0.16,0.5,0.0,0.49,0.28,-1
329,0.41,0.39,0.51,0.52,0.5,0.0,0.49,0.22,-1
330,0.37,0.34,0.32,0.22,0.5,0.0,0.56,0.22,-1
331,0.69,0.6,0.5,0.31,0.5,0.0,0.55,0.22,-1
332,0.35,0.56,0.36,0.3,0.5,0.0,0.53,0.25,-1
333,0.84,0.66,0.36,0.78,0.5,0.0,0.49,0.5,-1
334,0.51,0.58,0.54,0.29,0.5,0.0,0.53,0.22,-1
335,0.37,0.43,0.62,0.27,0.5,0.0,0.48,0.22,-1
336,0.55,0.66,0.57,0.32,0.5,0.0,0.57,0.34,-1
337,0.48,0.35,0.42,0.21,0.5,0.0,0.57,0.22,-1
338,0.62,0.58,0.52,0.15,0.5,0.0,0.52,0.29,-1
339,0.56,0.59,0.53,0.16,0.5,0.0,0.24,0.42,-1
340,0.44,0.51,0.37,0.15,0.5,0.0,0.51,0.22,-1
341,0.44,0.44,0.49,0.15,0.5,0.0,0.46,0.27,-1
342,0.5,0.5,0.48,0.17,0.5,0.0,0.47,0.26,-1
343,0.6,0.6,0.49,0.3,0.5,0.0,0.53,0.22,-1
344,0.49,0.46,0.34,0.21,0.5,0.0,0.55,0.22,-1
345,0.35,0.68,0.57,0.4,0.5,0.0,0.53,0.36,-1
346,0.7,0.69,0.43,0.33,0.5,0.0,0.58,0.22,-1
347,0.23,0.3,0.58,0.22,0.5,0.0,0.48,0.27,-1
348,0.45,0.42,0.52,0.2,0.5,0.0,0.5,0.25,-1
349,0.51,0.35,0.46,0.15,0.5,0.0,0.51,0.42,-1
350,0.42,0.39,0.47,0.13,0.5,0.0,0.5,0.27,-1
351,0.32,0.38,0.52,0.2,0.5,0.0,0.52,0.28,-1
352,0.59,0.65,0.52,0.3,0.5,0.0,0.46,0.31,-1
353,0.41,0.52,0.41,0.11,0.5,0.0,0.54,0.35,-1
354,0.37,0.33,0.5,0.12,0.5,0.0,0.51,0.54,-1
355,0.45,0.56,0.49,0.17,0.5,0.0,0.52,0.22,-1
356,0.56,0.54,0.59,0.14,0.5,0.0,0.52,0.27,-1
357,0.31,0.31,0.54,0.18,0.5,0.0,0.52,0.29,-1
358,0.27,0.51,0.47,0.35,0.5,0.0,0.49,0.28,-1
359,0.54,0.56,0.57,0.18,0.5,0.0,0.45,0.25,-1
360,0.17,0.38,0.45,0.09,0.5,0.0,0.54,0.27,-1
361,0.43,0.51,0.54,0.15,0.5,0.0,0.45,0.26,-1
362,0.6,0.4,0.59,0.18,0.5,0.0,0.48,0.22,-1
363,0.91,0.69,0.57,0.45,0.5,0.0,0.56,0.22,1
364,0.38,0.47,0.53,0.12,0.5,0.0,0.48,0.22,-1
365,0.59,0.43,0.52,0.19,0.5,0.0,0.55,0.27,-1
366,0.64,0.53,0.45,0.13,0.5,0.0,0.53,0.22,-1
367,0.49,0.31,0.34,0.13,0.5,0.0,0.52,0.22,-1
368,0.52,0.51,0.51,0.12,0.5,0.0,0.51,0.4,-1
369,0.49,0.43,0.48,0.15,0.5,0.0,0.55,0.25,-1
370,0.49,0.47,0.52,0.16,0.5,0.0,0.53,0.28,-1
371,0.48,0.39,0.49,0.18,0.5,0.0,0.51,0.22,-1
372,0.44,0.34,0.55,0.18,0.5,0.0,0.52,0.22,-1
373,0.43,0.54,0.58,0.16,0.5,0.0,0.5,0.36,-1
374,0.49,0.42,0.54,0.17,0.5,0.0,0.5,0.36,-1
375,0.34,0.66,0.51,0.16,0.5,0.0,0.47,0.33,-1
376,0.2,0.34,0.33,0.1,0.5,0.0,0.48,0.31,-1
377,0.74,0.53,0.5,0.08,0.5,0.0,0.55,0.31,-1
378,0.69,0.48,0.38,0.15,0.5,0.0,0.55,0.22,1
379,0.3,0.5,0.47,0.11,0.5,0.0,0.46,0.22,-1
380,0.44,0.51,0.48,0.38,0.5,0.0,0.52,0.22,-1
381,0.31,0.45,0.5,0.17,0.5,0.0,0.49,0.22,-1
382,0.55,0.41,0.56,0.21,0.5,0.0,0.52,0.22,-1
383,0.4,0.34,0.52,0.17,0.5,0.0,0.47,0.51,-1
384,0.4,0.48,0.5,0.17,0.5,0.0,0.54,0.5,-1
385,0.58,0.48,0.56,0.1,0.5,0.0,0.46,0.25,-1
386,0.58,0.48,0.56,0.12,0.5,0.0,0.46,0.25,-1
387,0.58,0.45,0.48,0.24,0.5,0.0,0.52,0.37,-1
388,0.58,0.41,0.51,0.26,0.5,0.0,0.51,0.37,-1
389,0.41,0.6,0.53,0.29,0.5,0.0,0.47,0.43,-1
390,0.69,0.5,0.49,0.42,0.5,0.0,0.49,0.22,-1
391,0.38,0.49,0.61,0.13,0.5,0.0,0.54,0.22,-1
392,0.6,0.48,0.44,0.52,0.5,0.0,0.54,0.63,-1
393,0.47,0.49,0.63,0.17,0.5,0.0,0.31,0.26,-1
394,0.28,0.51,0.55,0.11,0.5,0.0,0.46,0.22,-1
395,0.56,0.57,0.63,0.39,1.0,0.0,0.59,0.4,-1
396,0.21,0.38,0.49,0.16,0.5,0.0,0.51,0.45,-1
397,0.46,0.57,0.57,0.15,0.5,0.0,0.52,0.26,-1
398,0.43,0.42,0.54,0.22,0.5,0.0,0.57,0.33,-1
399,0.57,0.59,0.5,0.58,0.5,0.0,0.53,0.22,-1
400,0.48,0.34,0.47,0.14,0.5,0.0,0.47,0.26,-1
401,0.35,0.4,0.53,0.18,0.5,0.0,0.42,0.38,-1
402,0.47,0.45,0.53,0.62,0.5,0.0,0.46,0.22,-1
403,0.53,0.43,0.47,0.15,0.5,0.0,0.58,0.22,-1
404,0.46,0.45,0.56,0.16,0.5,0.0,0.56,0.22,-1
405,0.44,0.42,0.62,0.14,0.5,0.0,0.55,0.37,-1
406,0.37,0.34,0.58,0.24,0.5,0.0,0.44,0.18,-1
407,0.37,0.34,0.58,0.24,0.5,0.0,0.44,0.18,-1
408,0.39,0.39,0.55,0.52,0.5,0.0,0.37,0.16,-1
409,0.39,0.39,0.55,0.52,0.5,0.0,0.37,0.16,-1
410,0.48,0.46,0.38,0.29,0.5,0.0,0.53,0.22,-1
411,0.48,0.57,0.5,0.09,0.5,0.0,0.52,0.42,-1
412,0.61,0.57,0.45,0.21,0.5,0.0,0.5,0.42,-1
413,0.56,0.44,0.56,0.19,0.5,0.0,0.54,0.22,-1
414,0.51,0.63,0.3,0.35,0.5,0.0,0.53,0.27,-1
415,0.53,0.68,0.34,0.42,0.5,0.0,0.54,0.27,-1
416,0.37,0.22,0.64,0.35,0.5,0.0,0.47,0.22,-1
417,0.51,0.48,0.58,0.22,0.5,0.0,0.5,0.28,-1
418,0.49,0.37,0.59,0.17,0.5,0.0,0.51,0.22,-1
419,0.51,0.48,0.58,0.22,0.5,0.0,0.5,0.28,-1
420,0.53,0.53,0.53,0.17,0.5,0.0,0.49,0.37,-1
421,0.29,0.68,0.47,0.26,0.5,0.0,0.47,0.37,-1
422,0.5,0.45,0.49,0.15,0.5,0.0,0.55,0.43,-1
423,0.33,0.28,0.31,0.24,0.5,0.0,0.53,0.22,-1
424,0.85,0.85,0.3,0.31,0.5,0.0,0.55,0.42,-1
425,0.43,0.39,0.51,0.28,0.5,0.0,0.4,0.22,-1
426,0.61,0.54,0.49,0.16,0.5,0.0,0.54,0.42,-1
427,0.34,0.35,0.61,0.19,0.5,0.0,0.52,0.25,-1
428,0.55,0.53,0.56,0.29,0.5,0.0,0.48,0.22,-1
429,0.66,0.62,0.52,0.17,0.5,0.0,0.49,0.22,-1
430,0.44,0.41,0.58,0.2,0.5,0.0,0.57,0.25,-1
431,0.37,0.62,0.34,0.25,0.5,0.0,0.51,0.22,-1
432,0.45,0.56,0.51,0.64,0.5,0.0,0.54,0.22,-1
433,0.38,0.46,0.52,0.75,0.5,0.0,0.5,0.26,-1
434,0.61,0.54,0.49,0.19,0.5,0.0,0.54,0.47,-1
435,0.44,0.53,0.52,0.37,0.5,0.0,0.5,0.22,-1
436,0.44,0.53,0.52,0.37,0.5,0.0,0.5,0.22,-1
437,0.32,0.34,0.61,0.17,0.5,0.0,0.52,0.32,-1
438,0.34,0.34,0.61,0.18,0.5,0.0,0.52,0.32,-1
439,0.51,0.68,0.49,0.59,0.5,0.0,0.54,0.27,-1
440,0.41,0.3,0.49,0.28,0.5,0.0,0.54,0.22,-1
441,0.41,0.43,0.5,0.28,0.5,0.0,0.5,0.22,-1
442,0.3,0.5,0.34,0.26,0.5,0.0,0.51,0.22,-1
443,0.49,0.4,0.34,0.26,0.5,0.0,0.5,0.22,-1
444,0.34,0.4,0.3,0.23,0.5,0.0,0.51,0.22,-1
445,0.43,0.44,0.3,0.18,0.5,0.0,0.51,0.22,-1
446,0.43,0.45,0.37,0.12,0.5,0.0,0.48,0.22,-1
447,0.45,0.57,0.3,0.17,0.5,0.0,0.51,0.22,-1
448,0.45,0.57,0.3,0.17,0.5,0.0,0.51,0.22,-1
449,0.42,0.44,0.33,0.17,0.5,0.0,0.54,0.27,-1
450,0.52,0.5,0.53,0.1,0.5,0.0,0.48,0.22,-1
451,0.53,0.56,0.49,0.46,0.5,0.0,0.52,0.22,-1
452,0.45,0.54,0.54,0.62,0.5,0.0,0.53,0.22,-1
453,0.51,0.43,0.63,0.18,0.5,0.0,0.52,0.22,-1
454,0.51,0.52,0.48,0.5,0.5,0.0,0.51,0.22,-1
455,0.55,0.49,0.5,0.46,0.5,0.0,0.52,0.25,-1
456,0.5,0.46,0.52,0.16,0.5,0.0,0.52,0.26,-1
457,0.5,0.53,0.45,0.44,0.5,0.0,0.49,0.22,-1
458,0.45,0.59,0.53,0.74,0.5,0.0,0.47,0.25,-1
459,0.57,0.61,0.55,0.67,0.5,0.0,0.48,0.22,-1
460,0.54,0.45,0.62,0.13,0.5,0.0,0.52,0.26,-1
461,0.67,0.51,0.53,0.28,0.5,0.0,0.51,0.22,-1
462,0.35,0.49,0.47,0.22,0.5,0.0,0.5,0.28,-1
463,0.47,0.63,0.66,0.45,0.5,0.0,0.37,0.11,-1
464,0.51,0.34,0.43,0.18,0.5,0.0,0.48,0.25,-1
465,0.56,0.45,0.59,0.14,0.5,0.0,0.51,0.26,-1
466,0.45,0.38,0.59,0.18,0.5,0.0,0.44,0.45,-1
467,0.43,0.51,0.6,0.25,0.5,0.0,0.55,0.22,-1
468,0.47,0.59,0.43,0.13,0.5,0.0,0.56,0.3,-1
469,0.4,0.45,0.42,0.17,0.5,0.0,0.54,0.26,-1
470,0.89,0.81,0.36,0.71,0.5,0.0,0.55,0.63,-1
471,0.58,0.55,0.52,0.22,0.5,0.0,0.44,0.22,-1
472,0.59,0.57,0.46,0.14,0.5,0.0,0.52,0.22,-1
473,0.49,0.41,0.32,0.21,0.5,0.0,0.5,0.32,-1
474,0.35,0.53,0.35,0.33,0.5,0.0,0.5,0.32,-1
475,0.42,0.32,0.61,0.13,0.5,0.0,0.14,0.27,-1
476,0.5,0.46,0.42,0.32,0.5,0.0,0.56,0.55,-1
477,0.68,0.5,0.43,0.27,0.5,0.0,0.61,0.22,1
478,0.5,0.45,0.49,0.3,0.5,0.0,0.47,0.4,-1
479,0.46,0.41,0.5,0.44,0.5,0.0,0.53,0.22,-1
480,0.32,0.36,0.34,0.19,0.5,0.0,0.55,0.26,-1
481,0.4,0.51,0.42,0.13,0.5,0.0,0.45,0.25,-1
482,0.7,0.73,0.37,0.37,0.5,0.0,0.48,0.31,-1
483,0.81,0.76,0.32,0.37,0.5,0.0,0.51,0.22,1
484,0.65,0.61,0.39,0.3,0.5,0.0,0.57,0.28,-1
485,0.47,0.43,0.35,0.32,0.5,0.0,0.54,0.22,-1
486,0.42,0.25,0.6,0.14,0.5,0.0,0.45,0.22,-1
487,0.23,0.34,0.41,0.28,0.5,0.0,0.5,0.27,-1
488,0.85,0.56,0.33,0.38,1.0,0.0,0.55,0.25,-1
489,0.34,0.31,0.6,0.37,0.5,0.0,0.5,0.3,-1
490,0.59,0.53,0.47,0.26,0.5,0.0,0.53,0.31,-1
491,0.67,0.63,0.34,0.41,0.5,0.0,0.6,0.33,-1
492,0.7,0.73,0.38,0.36,0.5,0.0,0.54,0.22,-1
493,0.54,0.51,0.54,0.52,0.5,0.0,0.47,0.25,-1
494,0.53,0.5,0.54,0.56,0.5,0.0,0.49,0.41,-1
495,0.84,0.63,0.38,0.23,0.5,0.0,0.53,0.22,-1
496,0.89,0.77,0.36,0.34,0.5,0.0,0.44,0.22,-1
497,0.48,0.43,0.45,0.17,0.5,0.0,0.48,0.37,-1
498,0.36,0.35,0.47,0.22,0.5,0.0,0.44,0.31,-1
499,0.57,0.49,0.48,0.16,0.5,0.0,0.51,0.22,-1
500,0.43,0.52,0.53,0.52,1.0,0.0,0.49,0.22,-1
501,0.38,0.49,0.54,1.0,0.5,0.0,0.5,0.27,-1
502,0.43,0.32,0.56,0.27,0.5,0.0,0.47,0.27,-1
503,0.84,0.87,0.45,0.54,0.5,0.0,0.28,0.22,-1
504,0.27,0.56,0.56,0.18,0.5,0.0,0.52,0.22,-1
505,0.89,0.82,0.6,0.49,0.5,0.0,0.55,0.22,1
506,0.86,0.92,0.5,0.37,1.0,0.0,0.53,0.32,-1
507,0.37,0.55,0.29,0.32,0.5,0.0,0.51,0.22,-1
508,0.87,0.83,0.57,0.36,0.5,0.0,0.36,0.22,-1
509,0.43,0.45,0.54,0.14,0.5,0.0,0.5,0.31,-1
510,0.52,0.48,0.54,0.28,0.5,0.0,0.54,0.22,-1
511,0.77,0.6,0.42,0.33,0.5,0.0,0.57,0.22,1
512,0.76,0.74,0.56,0.34,0.5,0.0,0.51,0.3,1
513,0.58,0.76,0.4,0.37,0.5,0.0,0.54,0.3,1
514,0.94,0.6,0.33,0.49,0.5,0.0,0.54,0.22,1
515,0.36,0.44,0.57,0.18,0.5,0.0,0.42,0.22,-1
516,0.42,0.51,0.39,0.22,0.5,0.0,0.49,0.26,-1
517,0.52,0.48,0.58,0.55,0.5,0.0,0.48,0.22,-1
518,0.42,0.32,0.48,0.16,0.5,0.0,0.55,0.22,-1
519,0.43,0.38,0.51,0.24,0.5,0.0,0.46,0.33,-1
520,0.48,0.57,0.52,0.61,0.5,0.0,0.51,0.22,-1
521,0.83,0.53,0.52,0.2,0.5,0.0,0.48,0.25,1
522,0.36,0.34,0.46,0.19,0.5,0.0,0.52,0.22,1
523,0.51,0.43,0.47,0.19,0.5,0.0,0.52,0.37,-1
524,0.54,0.54,0.49,0.14,0.5,0.0,0.56,0.22,-1
525,0.44,0.41,0.44,0.13,0.5,0.0,0.49,0.42,-1
526,0.52,0.62,0.54,0.19,0.5,0.0,0.5,0.22,-1
527,0.46,0.4,0.38,0.18,0.5,0.0,0.49,0.22,-1
528,0.68,0.5,0.55,0.65,0.5,0.0,0.46,0.31,-1
529,0.53,0.44,0.47,0.22,0.5,0.0,0.53,0.22,-1
530,0.48,0.48,0.5,0.47,0.5,0.0,0.55,0.22,-1
531,0.46,0.14,0.36,0.21,0.5,0.0,0.5,0.25,-1
532,0.5,0.45,0.48,0.17,0.5,0.0,0.5,0.26,-1
533,0.44,0.53,0.43,0.17,0.5,0.0,0.54,0.75,-1
534,0.46,0.47,0.46,0.16,0.5,0.0,0.51,0.22,-1
535,0.52,0.49,0.57,0.57,0.5,0.0,0.51,0.22,-1
536,0.62,0.64,0.56,0.2,0.5,0.0,0.48,0.33,-1
537,0.46,0.32,0.58,0.17,0.5,0.0,0.61,0.25,-1
538,0.78,0.48,0.47,0.3,0.5,0.0,0.53,0.47,1
539,0.49,0.62,0.65,0.18,0.5,0.0,0.46,0.43,-1
540,0.5,0.34,0.62,0.19,0.5,0.0,0.57,0.22,-1
541,0.39,0.37,0.33,0.23,0.5,0.0,0.53,0.26,-1
542,0.39,0.37,0.56,0.15,0.5,0.0,0.5,0.27,-1
543,0.33,0.37,0.54,0.28,0.5,0.0,0.53,0.27,-1
544,0.39,0.37,0.33,0.23,0.5,0.0,0.52,0.26,-1
545,0.33,0.38,0.53,0.26,0.5,0.0,0.52,0.27,-1
546,0.48,0.51,0.57,0.24,0.5,0.0,0.5,0.22,-1
547,0.5,0.62,0.54,0.66,0.5,0.0,0.49,0.22,-1
548,0.47,0.54,0.54,0.48,0.5,0.0,0.53,0.26,-1
549,0.72,0.58,0.42,0.28,0.5,0.0,0.48,0.22,-1
550,0.41,0.41,0.51,0.19,0.5,0.0,0.57,0.22,-1
551,0.81,0.65,0.52,0.41,0.5,0.0,0.57,0.26,-1
552,0.5,0.49,0.52,0.2,0.5,0.0,0.43,0.52,-1
553,0.18,0.48,0.46,0.12,0.5,0.0,0.0,0.25,-1
554,0.26,0.38,0.52,0.36,0.5,0.0,0.48,0.56,-1
555,0.53,0.51,0.51,0.11,0.5,0.0,0.49,0.41,-1
556,0.58,0.49,0.5,0.41,0.5,0.0,0.57,0.22,-1
557,0.62,0.6,0.47,0.16,0.5,0.0,0.53,0.22,-1
558,0.68,0.58,0.51,0.19,0.5,0.83,0.54,0.22,-1
559,0.4,0.52,0.53,0.52,0.5,0.0,0.51,0.22,-1
560,0.51,0.47,0.41,0.44,0.5,0.0,0.5,0.22,-1
561,0.72,0.56,0.4,0.26,0.5,0.0,0.51,0.26,1
562,0.49,0.44,0.45,0.22,0.5,0.0,0.51,0.22,-1
563,0.32,0.47,0.55,0.25,0.5,0.0,0.49,0.22,-1
564,0.46,0.57,0.52,0.28,0.5,0.0,0.52,0.22,-1
565,0.53,0.48,0.45,0.44,0.5,0.0,0.49,0.27,-1
566,0.49,0.48,0.46,0.63,0.5,0.0,0.52,0.22,-1
567,0.7,0.53,0.42,0.22,0.5,0.0,0.51,0.28,-1
568,0.68,0.68,0.49,0.15,0.5,0.0,0.53,0.22,-1
569,0.47,0.6,0.35,0.21,0.5,0.0,0.52,0.22,-1
570,0.55,0.49,0.45,0.18,0.5,0.0,0.49,0.22,-1
571,0.4,0.53,0.61,0.21,0.5,0.0,0.48,0.33,-1
572,0.57,0.44,0.42,0.2,0.5,0.0,0.54,0.22,-1
573,0.4,0.47,0.48,0.18,0.5,0.0,0.46,0.22,-1
574,0.34,0.54,0.54,0.13,0.5,0.0,0.52,0.22,-1
575,0.43,0.83,0.55,0.2,0.5,0.0,0.47,0.4,-1
576,0.55,0.65,0.5,0.28,0.5,0.0,0.55,0.22,-1
577,0.29,0.46,0.54,0.27,0.5,0.0,0.49,0.22,-1
578,0.46,0.42,0.6,0.21,0.5,0.0,0.4,0.22,-1
579,0.8,0.81,0.55,0.35,0.5,0.0,0.42,0.22,-1
580,0.79,0.74,0.49,0.33,0.5,0.0,0.48,0.22,-1
581,0.45,0.48,0.63,0.67,0.5,0.0,0.48,0.22,-1
582,0.66,0.52,0.52,0.44,0.5,0.0,0.56,0.27,-1
583,0.5,0.49,0.59,0.47,0.5,0.0,0.49,0.36,-1
584,0.54,0.52,0.54,0.2,0.5,0.0,0.55,0.25,-1
585,0.37,0.31,0.53,0.16,0.5,0.0,0.53,0.44,-1
586,0.43,0.39,0.59,0.13,0.5,0.0,0.41,0.43,-1
587,0.48,0.47,0.54,0.55,0.5,0.0,0.51,0.65,-1
588,0.6,0.59,0.45,0.23,0.5,0.0,0.55,0.22,-1
589,0.45,0.73,0.47,0.65,0.5,0.0,0.54,0.43,-1
590,0.66,0.54,0.49,0.16,0.5,0.0,0.54,0.36,-1
591,0.46,0.55,0.61,0.13,0.5,0.0,0.47,0.22,-1
592,0.42,0.5,0.53,0.22,0.5,0.83,0.5,0.22,-1
593,0.66,0.66,0.32,0.54,0.5,0.0,0.51,0.22,1
594,0.74,0.56,0.35,0.36,0.5,0.0,0.51,0.25,1
595,0.89,0.52,0.41,0.26,0.5,0.0,0.52,0.31,1
596,0.67,0.51,0.54,0.21,0.5,0.0,0.43,0.3,-1
597,0.58,0.46,0.46,0.34,0.5,0.0,0.5,0.43,-1
598,0.4,0.68,0.5,0.82,0.5,0.0,0.44,0.36,-1
599,0.59,0.57,0.43,0.26,0.5,0.0,0.51,0.22,-1
600,0.39,0.3,0.56,0.12,0.5,0.0,0.53,0.38,-1
601,0.6,0.62,0.54,0.4,0.5,0.0,0.5,0.22,-1
602,0.36,0.4,0.53,0.48,0.5,0.0,0.48,0.22,-1
603,0.51,0.42,0.56,0.38,0.5,0.0,0.46,0.22,-1
604,0.41,0.54,0.58,0.2,0.5,0.0,0.52,0.22,-1
605,0.57,0.4,0.62,0.3,0.5,0.0,0.48,0.11,-1
606,0.52,0.5,0.59,0.31,0.5,0.0,0.5,0.22,-1
607,0.42,0.53,0.53,0.64,0.5,0.0,0.47,0.22,-1
608,0.5,0.46,0.64,0.36,0.5,0.0,0.49,0.22,-1
609,0.6,0.51,0.6,0.38,0.5,0.83,0.52,0.24,-1
610,0.45,0.38,0.64,0.14,0.5,0.0,0.54,0.22,-1
611,0.6,0.57,0.64,0.52,0.5,0.0,0.47,0.28,-1
612,0.53,0.42,0.58,0.29,0.5,0.0,0.5,0.22,-1
613,0.41,0.52,0.53,0.41,0.5,0.0,0.39,0.33,-1
614,0.45,0.43,0.63,0.4,0.5,0.0,0.59,0.11,-1
615,0.44,0.44,0.67,0.35,0.5,0.0,0.48,0.26,-1
616,0.58,0.52,0.61,0.33,0.5,0.0,0.38,0.11,-1
617,0.57,0.61,0.55,0.27,0.5,0.0,0.44,0.21,-1
618,0.57,0.58,0.58,0.35,0.5,0.0,0.49,0.22,-1
619,0.64,0.64,0.56,0.21,0.5,0.0,0.5,0.22,-1
620,0.56,0.5,0.61,0.49,0.5,0.0,0.46,0.28,-1
621,0.6,0.46,0.59,0.16,0.5,0.0,0.49,0.22,-1
622,0.36,0.38,0.56,0.44,0.5,0.0,0.48,0.22,-1
623,0.53,0.52,0.61,0.35,0.5,0.0,0.5,0.22,-1
624,0.62,0.59,0.54,0.47,0.5,0.0,0.46,0.22,-1
625,0.55,0.5,0.6,0.31,0.5,0.0,0.46,0.27,-1
626,0.58,0.53,0.57,0.46,0.5,0.0,0.51,0.27,-1
627,0.65,0.53,0.55,0.52,0.5,0.0,0.47,0.27,-1
628,0.38,0.54,0.54,0.41,0.5,0.0,0.51,0.22,-1
629,0.58,0.53,0.5,0.53,0.5,0.0,0.47,0.31,-1
630,0.61,0.46,0.51,0.37,0.5,0.0,0.51,0.22,-1
631,0.55,0.59,0.47,0.64,0.5,0.0,0.54,0.33,-1
632,0.54,0.64,0.5,0.13,0.5,0.0,0.49,0.22,-1
633,0.4,0.74,0.49,0.16,0.5,0.0,0.51,0.22,-1
634,0.76,0.76,0.35,0.27,0.5,0.0,0.44,0.22,-1
635,0.51,0.56,0.51,0.42,0.5,0.0,0.53,0.36,-1
636,0.43,0.32,0.5,0.29,0.5,0.0,0.5,0.22,-1
637,0.49,0.44,0.45,0.55,0.5,0.0,0.48,0.22,-1
638,0.32,0.45,0.44,0.2,0.5,0.0,0.55,0.33,-1
639,0.51,0.6,0.51,0.26,0.5,0.0,0.54,0.22,-1
640,0.49,0.46,0.42,0.46,0.5,0.0,0.55,0.22,-1
641,0.5,0.56,0.49,0.61,0.5,0.0,0.5,0.22,-1
642,0.51,0.48,0.51,0.43,0.5,0.0,0.49,0.22,-1
643,0.52,0.38,0.62,0.12,0.5,0.0,0.41,0.28,-1
644,0.53,0.4,0.57,0.12,0.5,0.0,0.53,0.32,-1
645,0.51,0.56,0.62,0.24,0.5,0.0,0.52,0.51,-1
646,0.63,0.6,0.5,0.27,0.5,0.0,0.55,0.22,-1
647,0.46,0.44,0.53,0.31,0.5,0.0,0.48,0.22,-1
648,0.58,0.57,0.54,0.69,0.5,0.0,0.54,0.22,-1
649,0.61,0.59,0.47,0.49,0.5,0.0,0.54,0.22,-1
650,0.63,0.47,0.56,0.12,0.5,0.0,0.5,0.22,-1
651,0.55,0.53,0.54,0.4,0.5,0.0,0.48,0.22,-1
652,0.41,0.47,0.58,0.62,0.5,0.0,0.5,0.22,-1
653,0.44,0.53,0.53,0.37,0.5,0.0,0.51,0.22,-1
654,0.57,0.4,0.48,0.24,0.5,0.0,0.55,0.22,-1
655,0.46,0.46,0.56,0.12,0.5,0.0,0.55,0.22,-1
656,0.47,0.46,0.55,0.28,0.5,0.0,0.44,0.46,-1
657,0.39,0.35,0.49,0.17,0.5,0.0,0.49,0.22,-1
658,0.58,0.38,0.4,0.21,0.5,0.0,0.5,0.22,-1
659,0.53,0.41,0.5,0.24,1.0,0.0,0.47,0.22,-1
660,0.43,0.4,0.5,0.18,0.5,0.0,0.5,0.28,-1
661,0.41,0.59,0.46,0.19,0.5,0.0,0.36,0.22,-1
662,0.58,0.56,0.52,0.25,0.5,0.0,0.57,0.35,-1
663,0.51,0.65,0.53,0.19,0.5,0.0,0.49,0.22,-1
664,0.81,0.79,0.32,0.37,0.5,0.0,0.41,0.22,-1
665,0.44,0.41,0.29,0.21,0.5,0.0,0.49,0.22,-1
666,0.49,0.6,0.55,0.17,0.5,0.0,0.44,0.22,-1
667,0.56,0.63,0.52,0.2,0.5,0.0,0.34,0.26,-1
668,0.42,0.28,0.57,0.18,0.5,0.0,0.42,0.22,-1
669,0.51,0.46,0.54,0.41,0.5,0.0,0.53,0.22,-1
670,0.6,0.51,0.52,0.45,0.5,0.0,0.5,0.27,-1
671,0.37,0.41,0.45,0.14,0.5,0.0,0.47,0.22,-1
672,0.37,0.51,0.57,0.4,0.5,0.0,0.48,0.27,-1
673,0.36,0.39,0.55,0.26,0.5,0.0,0.49,0.22,-1
674,0.5,0.36,0.53,0.41,0.5,0.0,0.55,0.36,-1
675,0.59,0.58,0.39,0.52,0.5,0.0,0.5,0.31,-1
676,0.78,0.63,0.53,0.13,0.5,0.0,0.54,0.22,1
677,0.47,0.59,0.37,0.31,0.5,0.0,0.51,0.36,-1
678,0.48,0.62,0.52,0.3,0.5,0.0,0.51,0.37,-1
679,0.53,0.61,0.51,0.49,0.5,0.0,0.54,0.27,-1
680,0.48,0.54,0.53,0.6,0.5,0.0,0.53,0.31,-1
681,0.33,0.46,0.53,0.29,0.5,0.0,0.5,0.55,-1
682,0.36,0.44,0.51,0.17,0.5,0.0,0.6,0.19,-1
683,0.39,0.34,0.68,0.3,0.5,0.0,0.5,0.29,-1
684,0.11,0.41,0.67,0.13,0.5,0.0,0.45,0.29,-1
685,0.4,0.53,0.44,0.18,0.5,0.0,0.54,0.31,-1
686,0.47,0.5,0.55,0.19,0.5,0.0,0.62,0.22,-1
687,0.35,0.5,0.44,0.27,0.5,0.0,0.51,0.22,-1
688,0.36,0.3,0.5,0.19,0.5,0.0,0.55,0.3,-1
689,0.49,0.44,0.51,0.18,0.5,0.0,0.52,0.27,-1
690,0.35,0.44,0.54,0.26,0.5,0.0,0.52,0.26,-1
691,0.43,0.28,0.53,0.34,0.5,0.0,0.55,0.57,-1
692,0.33,0.48,0.55,0.16,0.5,0.0,0.53,0.75,-1
693,0.45,0.21,0.49,0.24,0.5,0.0,0.46,0.31,-1
694,0.44,0.34,0.61,0.13,0.5,0.0,0.49,0.26,-1
695,0.87,0.47,0.6,0.47,0.5,0.0,0.59,0.22,-1
696,0.3,0.55,0.58,0.16,0.5,0.0,0.61,0.28,-1
697,0.29,0.34,0.55,0.24,0.5,0.0,0.51,0.22,-1
698,0.75,0.67,0.51,0.29,0.5,0.0,0.52,0.36,-1
699,0.47,0.47,0.5,0.15,0.5,0.0,0.5,0.48,-1
700,0.51,0.34,0.49,0.16,0.5,0.0,0.53,0.21,-1
701,0.64,0.76,0.51,0.18,0.5,0.0,0.46,0.22,-1
702,0.45,0.41,0.58,0.48,0.5,0.0,0.53,0.64,-1
703,0.9,0.54,0.59,0.2,0.5,0.0,0.48,0.22,-1
704,0.88,0.59,0.54,0.39,0.5,0.0,0.41,0.3,-1
705,0.7,0.51,0.47,0.24,0.5,0.0,0.53,0.25,-1
706,0.25,0.36,0.58,0.3,0.5,0.0,0.58,0.31,-1
707,0.69,0.62,0.49,0.0,1.0,0.0,0.47,0.22,-1
708,0.83,0.57,0.42,0.57,0.5,0.0,0.5,0.32,1
709,0.43,0.38,0.38,0.12,0.5,0.0,0.5,0.22,1
710,0.78,0.65,0.4,0.16,0.5,0.0,0.63,0.22,-1
711,0.52,0.64,0.34,0.16,0.5,0.0,0.57,0.22,-1
712,0.75,0.66,0.64,0.39,0.5,0.0,0.46,0.32,-1
713,0.41,0.49,0.58,0.22,0.5,0.0,0.52,0.22,-1
714,0.58,0.51,0.56,0.16,0.5,0.0,0.34,0.22,-1
715,0.48,0.49,0.45,0.23,0.5,0.0,0.51,0.22,-1
716,0.39,0.42,0.49,0.1,0.5,0.0,0.49,0.65,-1
717,0.31,0.42,0.48,0.17,0.5,0.0,0.49,0.53,-1
718,0.39,0.28,0.54,0.14,0.5,0.0,0.59,0.22,-1
719,0.76,0.67,0.37,0.22,0.5,0.0,0.54,0.22,1
720,0.49,0.27,0.57,0.18,0.5,0.83,0.54,0.22,-1
721,0.28,0.48,0.56,0.16,0.5,0.0,0.48,0.26,-1
722,0.69,0.39,0.52,0.12,0.5,0.0,0.38,0.35,-1
723,0.64,0.52,0.5,0.26,0.5,0.0,0.51,0.31,-1
724,0.56,0.48,0.5,0.3,0.5,0.0,0.51,0.22,-1
725,0.5,0.5,0.54,0.16,0.5,0.0,0.49,0.22,-1
726,0.47,0.43,0.59,0.27,0.5,0.0,0.55,0.22,-1
727,0.68,0.59,0.44,0.49,0.5,0.0,0.4,0.26,-1
728,0.5,0.51,0.57,0.27,0.5,0.0,0.48,0.22,-1
729,0.45,0.46,0.61,0.2,0.5,0.0,0.62,0.22,-1
730,0.53,0.51,0.36,0.13,0.5,0.0,0.52,0.22,-1
731,0.6,0.54,0.54,0.53,0.5,0.0,0.52,0.27,-1
732,0.49,0.52,0.53,0.7,0.5,0.0,0.51,0.22,-1
733,0.49,0.45,0.53,0.16,0.5,0.0,0.49,0.31,-1
734,0.51,0.46,0.57,0.25,0.5,0.0,0.53,0.22,-1
735,0.49,0.45,0.46,0.18,0.5,0.0,0.49,0.31,-1
736,0.52,0.46,0.51,0.18,0.5,0.0,0.5,0.22,-1
737,0.55,0.59,0.52,0.1,0.5,0.0,0.53,0.22,-1
738,0.39,0.58,0.5,0.1,0.5,0.0,0.51,0.25,-1
739,0.7,0.84,0.49,0.28,1.0,0.0,0.58,0.22,-1
740,0.33,0.38,0.45,0.19,0.5,0.0,0.54,0.37,-1
741,0.61,0.46,0.44,0.47,0.5,0.0,0.5,0.37,-1
742,0.41,0.48,0.38,0.13,0.5,0.0,0.51,0.35,-1
743,0.37,0.42,0.6,0.13,0.5,0.0,0.51,0.22,-1
744,0.45,0.58,0.59,0.44,0.5,0.0,0.56,0.22,-1
745,0.74,0.89,0.32,0.24,0.5,0.0,0.54,0.32,-1
746,0.28,0.46,0.26,0.18,0.5,0.0,0.39,0.22,-1
747,0.51,0.46,0.49,0.21,0.5,0.0,0.55,0.22,-1
748,0.8,0.82,0.57,0.26,0.5,0.0,0.57,0.27,-1
749,0.46,0.49,0.45,0.28,0.5,0.0,0.55,0.22,-1
750,0.4,0.36,0.55,0.15,0.5,0.0,0.53,0.22,-1
751,0.67,0.46,0.58,0.3,0.5,0.0,0.57,0.27,-1
752,0.5,0.32,0.49,0.49,0.5,0.0,0.48,0.32,-1
753,0.45,0.53,0.47,0.43,0.5,0.0,0.5,0.27,-1
754,0.75,0.6,0.43,0.35,0.5,0.0,0.45,0.27,-1
755,0.56,0.68,0.52,0.39,0.5,0.0,0.36,0.22,-1
756,0.48,0.45,0.59,0.35,0.5,0.0,0.55,0.3,-1
757,0.26,0.28,0.6,0.2,0.5,0.0,0.54,0.31,-1
758,0.59,0.45,0.58,0.21,0.5,0.0,0.49,0.22,-1
759,0.48,0.52,0.49,0.35,0.5,0.5,0.51,0.22,-1
760,0.59,0.58,0.47,0.61,0.5,0.0,0.44,0.3,-1
761,0.5,0.57,0.62,0.25,0.5,0.0,0.51,0.22,-1
762,0.57,0.49,0.5,0.2,0.5,0.0,0.51,0.28,-1
763,0.62,0.43,0.49,0.29,0.5,0.0,0.5,0.27,-1
764,0.45,0.41,0.49,0.14,1.0,0.0,0.53,0.3,-1
765,0.47,0.49,0.6,0.15,0.5,0.0,0.38,0.22,-1
766,0.41,0.48,0.54,0.24,0.5,0.0,0.37,0.51,-1
767,0.46,0.46,0.53,0.23,0.5,0.0,0.51,0.22,-1
768,0.48,0.42,0.48,0.19,0.5,0.0,0.58,0.22,-1
769,0.43,0.45,0.53,0.19,0.5,0.0,0.56,0.22,-1
770,0.28,0.36,0.55,0.15,0.5,0.0,0.57,0.22,-1
771,0.48,0.46,0.58,0.26,0.5,0.0,0.44,0.22,-1
772,0.74,0.72,0.5,0.28,0.5,0.0,0.5,0.27,-1
773,0.74,0.72,0.5,0.28,0.5,0.0,0.49,0.27,-1
774,0.38,0.62,0.52,0.14,0.5,0.0,0.53,0.22,-1
775,0.77,0.72,0.48,0.26,0.5,0.0,0.51,0.22,-1
776,0.44,0.42,0.57,0.22,0.5,0.0,0.5,0.25,-1
777,0.74,0.74,0.51,0.27,0.5,0.0,0.5,0.22,-1
778,0.39,0.81,0.35,0.28,0.5,0.0,0.51,0.45,-1
779,0.53,0.54,0.43,0.18,0.5,0.0,0.53,0.31,-1
780,0.38,0.45,0.37,0.19,0.5,0.0,0.52,0.3,-1
781,0.4,0.37,0.54,0.13,0.5,0.0,0.48,0.22,-1
782,0.31,0.3,0.34,0.19,0.5,0.0,0.55,0.3,-1
783,0.5,0.42,0.57,0.49,0.5,0.0,0.48,0.27,-1
784,0.59,0.61,0.51,0.62,0.5,0.0,0.51,0.38,-1
785,0.45,0.4,0.43,0.22,0.5,0.0,0.51,0.48,-1
786,0.47,0.54,0.53,0.77,0.5,0.0,0.52,0.36,-1
787,0.77,0.78,0.51,0.28,0.5,0.0,0.33,0.22,-1
788,0.74,0.71,0.52,0.3,0.5,0.0,0.27,0.22,-1
789,0.77,0.73,0.51,0.27,0.5,0.0,0.34,0.22,-1
790,0.47,0.61,0.5,0.23,0.5,0.0,0.49,0.22,-1
791,0.78,0.69,0.44,0.26,0.5,0.0,0.54,0.22,-1
792,0.49,0.6,0.3,0.34,0.5,0.0,0.5,0.43,-1
793,0.27,0.56,0.3,0.14,0.5,0.0,0.52,0.39,-1
794,0.4,0.39,0.33,0.17,0.5,0.0,0.51,0.31,-1
795,0.55,0.51,0.54,0.2,0.5,0.0,0.56,0.22,-1
796,0.95,0.71,0.27,0.39,0.5,0.0,0.31,0.22,1
797,0.97,0.71,0.29,0.42,0.5,0.0,0.35,0.22,1
798,0.44,0.43,0.34,0.21,0.5,0.0,0.55,0.4,-1
799,0.39,0.49,0.3,0.19,0.5,0.0,0.52,0.31,-1
800,0.38,0.48,0.51,0.13,0.5,0.0,0.5,0.32,-1
801,0.37,0.51,0.39,0.18,0.5,0.0,0.51,0.27,-1
802,0.27,0.49,0.36,0.26,0.5,0.0,0.49,0.26,-1
803,0.49,0.48,0.52,0.2,0.5,0.0,0.55,0.22,-1
804,0.36,0.39,0.54,0.16,0.5,0.0,0.5,0.28,-1
805,0.54,0.53,0.48,0.14,0.5,0.0,0.49,0.33,-1
806,0.37,0.48,0.5,0.26,0.5,0.0,0.52,0.39,-1
807,0.25,0.39,0.5,0.23,0.5,0.0,0.5,0.28,-1
808,0.49,0.71,0.54,0.13,0.5,0.0,0.58,0.22,-1
809,0.56,0.5,0.56,0.26,0.5,0.0,0.53,0.27,-1
810,0.41,0.53,0.41,0.15,0.5,0.0,0.54,0.25,-1
811,0.5,0.45,0.53,0.21,0.5,0.0,0.28,0.22,-1
812,0.46,0.37,0.48,0.36,0.5,0.0,0.48,0.22,-1
813,0.66,0.55,0.34,0.2,0.5,0.0,0.62,0.22,-1
814,0.42,0.65,0.58,0.34,0.5,0.0,0.5,0.22,-1
815,0.45,0.47,0.53,0.15,0.5,0.0,0.52,0.27,-1
816,0.42,0.28,0.51,0.23,0.5,0.0,0.53,0.27,-1
817,0.51,0.48,0.46,0.29,0.5,0.0,0.54,0.22,-1
818,0.75,0.69,0.48,0.13,0.5,0.0,0.57,0.4,-1
819,0.69,0.7,0.5,0.3,0.5,0.0,0.54,0.22,-1
820,0.63,0.55,0.53,0.51,0.5,0.0,0.55,0.22,-1
821,0.55,0.63,0.54,0.16,0.5,0.0,0.45,0.27,-1
822,0.46,0.62,0.54,0.25,0.5,0.0,0.46,0.22,-1
823,0.53,0.59,0.48,0.14,0.5,0.0,0.51,0.22,-1
824,0.42,0.53,0.57,0.17,0.5,0.0,0.49,0.22,-1
825,0.52,0.46,0.56,0.2,0.5,0.0,0.5,0.22,-1
826,0.53,0.43,0.57,0.24,0.5,0.0,0.39,0.28,-1
827,0.33,0.35,0.56,0.19,0.5,0.0,0.5,0.22,-1
828,0.45,0.48,0.56,0.56,0.5,0.0,0.47,0.22,-1
829,0.56,0.48,0.5,0.17,0.5,0.0,0.51,0.26,-1
830,0.77,0.57,0.45,0.17,0.5,0.0,0.53,0.22,-1
831,0.56,0.59,0.54,0.18,0.5,0.0,0.48,0.46,-1
832,0.33,0.39,0.52,0.09,0.5,0.0,0.47,0.28,-1
833,0.48,0.41,0.54,0.39,0.5,0.0,0.51,0.22,-1
834,0.3,0.3,0.46,0.32,0.5,0.0,0.45,0.22,-1
835,0.38,0.26,0.6,0.1,0.5,0.0,0.48,0.44,-1
836,0.68,0.39,0.5,0.15,0.5,0.0,0.48,0.37,-1
837,0.62,0.41,0.52,0.17,0.5,0.0,0.48,0.22,-1
838,0.52,0.37,0.48,0.13,0.5,0.0,0.55,0.22,-1
839,0.32,0.48,0.49,0.17,0.5,0.0,0.47,0.22,-1
840,0.34,0.35,0.58,0.2,0.5,0.0,0.46,0.32,-1
841,0.33,0.21,0.53,0.15,1.0,0.0,0.52,0.5,-1
842,0.49,0.45,0.57,0.24,0.5,0.0,0.47,0.38,-1
843,0.4,0.28,0.48,0.06,0.5,0.0,0.49,0.42,-1
844,0.51,0.39,0.56,0.25,0.5,0.0,0.51,0.33,-1
845,0.45,0.45,0.52,0.17,0.5,0.0,0.54,0.22,-1
846,0.28,0.51,0.55,0.19,0.5,0.0,0.57,0.22,-1
847,0.51,0.51,0.56,0.28,0.5,0.0,0.54,0.27,-1
848,0.48,0.56,0.49,0.32,0.5,0.0,0.5,0.22,-1
849,0.59,0.46,0.48,0.46,0.5,0.0,0.49,0.22,-1
850,0.51,0.46,0.4,0.65,0.5,0.0,0.49,0.22,-1
851,0.37,0.44,0.51,0.56,0.5,0.0,0.5,0.38,-1
852,0.81,0.55,0.35,0.34,0.5,0.0,0.51,0.22,1
853,0.53,0.45,0.53,0.18,0.5,0.0,0.42,0.22,-1
854,0.45,0.27,0.5,0.33,0.5,0.0,0.53,0.26,-1
855,0.36,0.33,0.38,0.15,0.5,0.0,0.55,0.36,-1
856,0.48,0.5,0.56,0.11,0.5,0.0,0.33,0.22,-1
857,0.35,0.47,0.53,0.19,0.5,0.0,0.48,0.22,-1
858,0.48,0.48,0.56,0.18,0.5,0.0,0.58,0.22,-1
859,0.6,0.59,0.47,0.47,0.5,0.0,0.53,0.22,-1
860,0.45,0.53,0.51,0.42,0.5,0.0,0.52,0.22,-1
861,0.29,0.4,0.41,0.48,0.5,0.0,0.53,0.3,-1
862,0.58,0.53,0.33,0.26,0.5,0.0,0.51,0.22,-1
863,0.46,0.43,0.5,0.24,0.5,0.0,0.48,0.31,-1
864,0.43,0.46,0.5,0.21,0.5,0.0,0.49,0.34,-1
865,0.61,0.55,0.51,0.26,0.5,0.0,0.52,0.22,-1
866,0.5,0.62,0.52,0.3,0.5,0.0,0.56,0.22,-1
867,0.49,0.45,0.54,0.4,0.5,0.0,0.55,0.22,-1
868,0.64,0.53,0.59,0.14,0.5,0.0,0.53,0.22,-1
869,0.57,0.6,0.54,0.17,0.5,0.0,0.52,0.22,-1
870,0.38,0.31,0.59,0.19,0.5,0.0,0.46,0.22,-1
871,0.68,0.53,0.44,0.31,0.5,0.0,0.51,0.22,-1
872,0.24,0.41,0.47,0.16,0.5,0.0,0.51,0.38,-1
873,0.61,0.39,0.53,0.14,0.5,0.0,0.43,0.26,-1
874,0.39,0.16,0.59,0.08,0.5,0.0,0.51,0.27,-1
875,0.33,0.28,0.5,0.4,0.5,0.0,0.46,0.61,-1
876,0.51,0.55,0.56,0.18,0.5,0.0,0.5,0.38,-1
877,0.39,0.44,0.54,0.24,0.5,0.0,0.51,0.49,-1
878,0.43,0.48,0.53,0.18,0.5,0.0,0.46,0.22,-1
879,0.47,0.43,0.48,0.16,0.5,0.0,0.46,0.27,-1
880,0.52,0.5,0.51,0.2,0.5,0.0,0.51,0.22,-1
881,0.33,0.28,0.52,0.15,0.5,0.0,0.51,0.86,-1
882,0.36,0.48,0.5,0.13,0.5,0.0,0.49,0.6,-1
883,0.45,0.54,0.49,0.29,0.5,0.0,0.49,0.25,-1
884,0.55,0.59,0.53,0.15,0.5,0.0,0.49,0.22,-1
885,0.31,0.39,0.55,0.28,0.5,0.0,0.46,0.31,-1
886,0.43,0.41,0.51,0.34,0.5,0.0,0.49,0.28,-1
887,0.64,0.5,0.53,0.1,0.5,0.0,0.51,0.22,-1
888,0.41,0.52,0.56,0.26,0.5,0.0,0.48,0.32,-1
889,0.48,0.47,0.59,0.41,0.5,0.0,0.56,0.27,-1
890,0.49,0.49,0.51,0.29,0.5,0.0,0.52,0.71,-1
891,0.41,0.52,0.51,0.22,0.5,0.0,0.52,0.44,-1
892,0.51,0.61,0.5,0.23,0.5,0.0,0.52,0.61,-1
893,0.59,0.47,0.51,0.53,0.5,0.0,0.53,0.26,-1
894,0.4,0.6,0.5,0.16,0.5,0.0,0.51,0.22,-1
895,0.54,0.53,0.53,0.17,0.5,0.0,0.51,0.39,-1
896,0.61,0.46,0.54,0.11,0.5,0.0,0.47,0.22,-1
897,0.66,0.55,0.54,0.18,0.5,0.0,0.43,0.22,-1
898,0.53,0.46,0.54,0.37,0.5,0.0,0.51,0.3,-1
899,0.41,0.41,0.43,0.61,0.5,0.0,0.53,0.22,-1
900,0.58,0.31,0.6,0.12,0.5,0.0,0.47,0.33,-1
901,0.49,0.67,0.5,0.28,0.5,0.0,0.43,0.22,-1
902,0.44,0.33,0.55,0.16,0.5,0.0,0.49,0.22,-1
903,0.44,0.45,0.53,0.19,0.5,0.0,0.41,0.28,-1
904,0.57,0.55,0.52,0.16,0.5,0.0,0.49,0.39,-1
905,0.45,0.66,0.39,0.11,0.5,0.0,0.54,0.22,-1
906,0.32,0.49,0.53,0.28,0.5,0.0,0.5,0.5,-1
907,0.35,0.42,0.56,0.28,0.5,0.0,0.47,0.22,-1
908,0.46,0.41,0.58,0.1,0.5,0.0,0.48,0.22,-1
909,0.57,0.51,0.58,0.22,0.5,0.0,0.51,0.22,-1
910,0.47,0.47,0.54,0.19,0.5,0.0,0.51,0.33,-1
911,0.34,0.58,0.5,0.26,0.5,0.0,0.51,0.22,-1
912,0.55,0.45,0.58,0.25,0.5,0.0,0.49,0.22,-1
913,0.4,0.66,0.34,0.21,0.5,0.0,0.52,0.26,-1
914,0.42,0.21,0.59,0.3,0.5,0.0,0.47,0.27,-1
915,0.6,0.48,0.46,0.32,0.5,0.0,0.4,0.33,-1
916,0.64,0.44,0.51,0.35,0.5,0.0,0.53,0.22,-1
917,0.35,0.4,0.44,0.25,0.5,0.0,0.53,0.57,-1
918,0.55,0.38,0.64,0.42,0.5,0.0,0.47,0.22,-1
919,0.45,0.43,0.5,0.25,0.5,0.0,0.47,0.22,-1
920,0.47,0.53,0.48,0.51,0.5,0.0,0.54,0.22,-1
921,0.45,0.49,0.57,0.25,0.5,0.0,0.48,0.22,-1
922,0.45,0.52,0.5,0.12,0.5,0.0,0.6,0.22,-1
923,0.56,0.51,0.32,0.49,0.5,0.0,0.48,0.22,-1
924,0.37,0.58,0.5,0.22,0.5,0.0,0.47,0.22,-1
925,0.47,0.45,0.51,0.33,0.5,0.0,0.46,0.26,-1
926,0.5,0.36,0.64,0.37,0.5,0.0,0.37,0.33,-1
927,0.43,0.44,0.64,0.19,0.5,0.0,0.38,0.33,-1
928,0.38,0.4,0.59,0.25,0.5,0.0,0.44,0.22,-1
929,0.39,0.39,0.59,0.25,0.5,0.0,0.45,0.22,-1
930,0.54,0.55,0.56,0.14,0.5,0.0,0.5,0.25,-1
931,0.45,0.5,0.57,0.29,0.5,0.0,0.44,0.11,-1
932,0.45,0.5,0.57,0.29,0.5,0.0,0.44,0.11,-1
933,0.61,0.38,0.57,0.36,0.5,0.0,0.44,0.21,-1
934,0.61,0.38,0.57,0.36,0.5,0.0,0.44,0.21,-1
935,0.43,0.33,0.54,0.37,0.5,0.0,0.38,0.16,-1
936,0.43,0.33,0.54,0.37,0.5,0.0,0.38,0.16,-1
937,0.51,0.39,0.58,0.19,0.5,0.0,0.47,0.22,-1
938,0.72,0.51,0.52,0.08,0.5,0.0,0.54,0.22,-1
939,0.35,0.41,0.53,0.27,0.5,0.0,0.47,0.29,-1
940,0.56,0.49,0.54,0.15,0.5,0.0,0.5,0.35,-1
941,0.57,0.37,0.43,0.27,0.5,0.0,0.53,0.28,-1
942,0.57,0.49,0.61,0.26,0.5,0.0,0.52,0.22,-1
943,0.48,0.45,0.63,0.19,0.5,0.0,0.58,0.22,-1
944,0.34,0.48,0.47,0.19,0.5,0.0,0.5,0.3,-1
945,0.54,0.57,0.55,0.18,0.5,0.0,0.5,0.22,-1
946,0.38,0.44,0.55,0.44,0.5,0.0,0.47,0.51,-1
947,0.4,0.3,0.57,0.13,0.5,0.0,0.46,0.22,-1
948,0.27,0.31,0.55,0.13,0.5,0.0,0.5,0.22,-1
949,0.52,0.46,0.56,0.25,0.5,0.0,0.52,0.22,-1
950,0.44,0.5,0.55,0.24,0.5,0.0,0.48,0.22,-1
951,0.34,0.47,0.48,0.32,0.5,0.0,0.42,0.22,-1
952,0.5,0.56,0.63,0.25,0.5,0.0,0.42,0.22,-1
953,0.46,0.53,0.47,0.37,0.5,0.0,0.51,0.36,-1
954,0.31,0.6,0.65,0.18,0.5,0.0,0.46,0.22,-1
955,0.57,0.42,0.63,0.22,0.5,0.0,0.68,0.32,-1
956,0.37,0.45,0.53,0.14,0.5,0.0,0.49,0.22,-1
957,0.38,0.38,0.54,0.24,0.5,0.0,0.54,0.22,-1
958,0.36,0.49,0.55,0.21,0.5,0.0,0.55,0.33,-1
959,0.29,0.4,0.5,0.16,0.5,0.0,0.51,0.34,-1
960,0.37,0.3,0.51,0.15,0.5,0.0,0.58,0.26,-1
961,0.35,0.33,0.48,0.42,0.5,0.0,0.47,0.43,-1
962,0.46,0.35,0.69,0.18,0.5,0.0,0.3,0.25,-1
963,0.46,0.35,0.69,0.18,0.5,0.0,0.3,0.25,-1
964,0.57,0.43,0.52,0.3,0.5,0.0,0.37,0.11,-1
965,0.57,0.43,0.52,0.3,0.5,0.0,0.37,0.11,-1
966,0.59,0.51,0.48,0.12,0.5,0.0,0.54,0.31,-1
967,0.59,0.51,0.48,0.12,0.5,0.0,0.54,0.31,-1
968,0.61,0.53,0.59,0.17,0.5,0.0,0.44,0.28,-1
969,0.61,0.48,0.56,0.19,0.5,0.0,0.53,0.31,-1
970,0.61,0.48,0.56,0.19,0.5,0.0,0.53,0.31,-1
971,0.44,0.56,0.52,0.18,0.5,0.0,0.5,0.11,-1
972,0.36,0.56,0.52,0.18,0.5,0.0,0.45,0.16,-1
973,0.37,0.44,0.64,0.48,0.5,0.0,0.36,0.27,-1
974,0.72,0.37,0.63,0.38,0.5,0.0,0.4,0.14,-1
975,0.72,0.37,0.63,0.38,0.5,0.0,0.4,0.14,-1
976,0.44,0.36,0.64,0.45,0.5,0.0,0.53,0.11,-1
977,0.58,0.45,0.55,0.27,0.5,0.0,0.48,0.11,-1
978,0.63,0.64,0.45,0.26,0.5,0.0,0.43,0.22,-1
979,0.63,0.64,0.45,0.26,0.5,0.0,0.43,0.22,-1
980,0.43,0.33,0.67,0.12,0.5,0.0,0.45,0.23,-1
981,0.43,0.33,0.67,0.12,0.5,0.0,0.43,0.23,-1
982,0.58,0.44,0.5,0.26,0.5,0.0,0.52,0.22,-1
983,0.38,0.43,0.53,0.22,0.5,0.0,0.48,0.11,-1
984,0.4,0.45,0.61,0.29,0.5,0.0,0.44,0.22,-1
985,0.4,0.45,0.61,0.29,0.5,0.0,0.44,0.22,-1
986,0.34,0.34,0.65,0.4,0.5,0.0,0.32,0.16,-1
987,0.34,0.34,0.65,0.4,0.5,0.0,0.32,0.16,-1
988,0.43,0.22,0.79,0.79,0.5,0.0,0.22,0.0,-1
989,0.35,0.21,1.0,0.8,0.5,0.0,0.13,0.01,-1
990,0.35,0.21,1.0,0.8,0.5,0.0,0.13,0.01,-1
991,0.56,0.35,0.47,0.41,0.5,0.0,0.5,0.22,-1
992,0.56,0.35,0.47,0.35,0.5,0.0,0.52,0.22,-1
993,0.54,0.44,0.55,0.48,0.5,0.0,0.47,0.22,-1
994,0.35,0.39,0.56,0.2,0.5,0.0,0.49,0.41,-1
995,0.48,0.46,0.58,0.16,0.5,0.0,0.45,0.22,-1
996,0.48,0.55,0.48,0.1,0.5,0.0,0.55,0.22,-1
997,0.66,0.6,0.52,0.19,0.5,0.0,0.69,0.22,-1
998,0.69,0.54,0.55,0.23,0.5,0.0,0.73,0.22,-1
999,0.73,0.6,0.47,0.2,0.5,0.0,0.72,0.22,-1
1000,0.78,0.82,0.56,0.21,0.5,0.0,0.69,0.22,-1
1001,0.42,0.49,0.49,0.36,0.5,0.0,0.57,0.26,-1
1002,0.44,0.62,0.53,0.27,0.5,0.0,0.49,0.22,-1
1003,0.56,0.61,0.52,0.19,0.5,0.0,0.52,0.32,-1
1004,0.47,0.56,0.46,0.5,0.5,0.0,0.51,0.22,-1
1005,0.46,0.33,0.45,0.22,0.5,0.0,0.41,0.37,-1
1006,0.52,0.43,0.61,0.22,0.5,0.0,0.45,0.22,-1
1007,0.52,0.43,0.61,0.22,0.5,0.0,0.45,0.22,-1
1008,0.32,0.44,0.54,0.21,0.5,0.0,0.4,0.19,-1
1009,0.32,0.44,0.54,0.21,0.5,0.0,0.4,0.19,-1
1010,0.48,0.41,0.52,0.33,0.5,0.0,0.51,0.26,-1
1011,0.46,0.39,0.54,0.22,0.5,0.0,0.48,0.25,-1
1012,0.46,0.39,0.54,0.22,0.5,0.0,0.48,0.25,-1
1013,0.42,0.5,0.64,0.13,0.5,0.0,0.49,0.22,-1
1014,0.46,0.54,0.59,0.41,0.5,0.0,0.53,0.21,-1
1015,0.46,0.54,0.59,0.41,0.5,0.0,0.53,0.21,-1
1016,0.39,0.65,0.57,0.19,0.5,0.0,0.44,0.25,-1
1017,0.39,0.65,0.57,0.19,0.5,0.0,0.43,0.25,-1
1018,0.38,0.5,0.52,0.44,0.5,0.0,0.54,0.11,-1
1019,0.38,0.5,0.52,0.44,0.5,0.0,0.54,0.11,-1
1020,0.51,0.52,0.58,0.17,0.5,0.0,0.47,0.28,-1
1021,0.57,0.48,0.54,0.22,0.5,0.0,0.5,0.11,-1
1022,0.5,0.5,0.62,0.23,0.5,0.0,0.35,0.11,-1
1023,0.41,0.49,0.65,0.28,0.5,0.0,0.59,0.57,-1
1024,0.53,0.57,0.6,0.36,0.5,0.0,0.5,0.22,-1
1025,0.53,0.57,0.6,0.36,0.5,0.0,0.5,0.22,-1
1026,0.37,0.3,0.62,0.43,0.5,0.0,0.44,0.39,-1
1027,0.37,0.3,0.62,0.43,0.5,0.0,0.44,0.39,-1
1028,0.6,0.57,0.52,0.14,0.5,0.0,0.46,0.48,-1
1029,0.42,0.38,0.52,0.29,0.5,0.0,0.42,0.22,-1
1030,0.41,0.46,0.58,0.08,0.5,0.0,0.51,0.28,-1
1031,0.49,0.4,0.58,0.23,0.5,0.0,0.47,0.27,-1
1032,0.37,0.37,0.51,0.38,0.5,0.0,0.44,0.22,-1
1033,0.57,0.5,0.4,0.08,0.5,0.0,0.47,0.22,-1
1034,0.51,0.4,0.5,0.28,0.5,0.0,0.48,0.27,-1
1035,0.34,0.25,0.55,0.28,0.5,0.0,0.51,0.49,-1
1036,0.77,0.86,0.44,0.27,0.5,0.0,0.48,0.22,-1
1037,0.59,0.54,0.53,0.14,0.5,0.0,0.48,0.22,-1
1038,0.5,0.48,0.48,0.23,0.5,0.0,0.53,0.68,-1
1039,0.39,1.0,0.38,0.41,0.5,0.0,0.5,0.27,-1
1040,0.56,0.42,0.52,0.14,0.5,0.0,0.51,0.22,-1
1041,0.39,0.46,0.33,0.18,0.5,0.0,0.53,0.22,-1
1042,0.52,0.54,0.47,0.49,0.5,0.0,0.54,0.22,-1
1043,0.46,0.49,0.55,0.18,0.5,0.0,0.56,0.22,-1
1044,0.56,0.65,0.49,0.56,0.5,0.0,0.49,0.22,-1
1045,0.53,0.51,0.55,0.57,0.5,0.0,0.46,0.22,-1
1046,0.54,0.64,0.4,0.56,0.5,0.0,0.51,0.22,-1
1047,0.47,0.58,0.47,0.52,0.5,0.0,0.54,0.22,-1
1048,0.46,0.42,0.51,0.16,0.5,0.0,0.56,0.22,-1
1049,0.6,0.51,0.49,0.18,0.5,0.0,0.53,0.38,-1
1050,0.85,0.66,0.49,0.18,0.5,0.0,0.51,0.22,-1
1051,0.55,0.52,0.44,0.2,0.5,0.0,0.56,0.22,1
1052,0.49,0.38,0.56,0.09,0.5,0.0,0.46,0.22,-1
1053,0.38,0.4,0.53,0.12,0.5,0.0,0.55,0.22,-1
1054,0.55,0.55,0.52,0.13,0.5,0.0,0.53,0.25,-1
1055,0.46,0.44,0.58,0.17,0.5,0.0,0.55,0.22,-1
1056,0.34,0.46,0.52,0.19,0.5,0.0,0.53,0.26,-1
1057,0.58,0.56,0.46,0.14,0.5,0.0,0.51,0.22,-1
1058,0.46,0.47,0.44,0.18,1.0,0.0,0.46,0.22,1
1059,0.44,0.71,0.5,0.21,0.5,0.0,0.54,0.27,-1
1060,0.56,0.49,0.32,0.22,0.5,0.0,0.5,0.22,1
1061,0.41,0.49,0.47,0.09,0.5,0.0,0.49,0.22,-1
1062,0.44,0.51,0.53,0.3,0.5,0.0,0.53,0.22,-1
1063,0.54,0.51,0.56,0.15,0.5,0.0,0.54,0.31,-1
1064,0.51,0.51,0.32,0.27,0.5,0.0,0.54,0.22,-1
1065,0.46,0.38,0.51,0.2,0.5,0.0,0.51,0.22,-1
1066,0.55,0.72,0.35,0.26,0.5,0.0,0.49,0.22,-1
1067,0.54,0.44,0.35,0.19,0.5,0.0,0.51,0.27,-1
1068,0.65,0.66,0.37,0.12,0.5,0.0,0.52,0.27,-1
1069,0.41,0.4,0.56,0.17,0.5,0.0,0.56,0.22,-1
1070,0.39,0.71,0.38,0.14,0.5,0.0,0.5,0.22,1
1071,0.37,0.42,0.46,0.15,0.5,0.0,0.51,0.31,1
1072,0.59,0.55,0.57,0.18,0.5,0.0,0.51,0.22,-1
1073,0.48,0.51,0.5,0.24,0.5,0.0,0.54,0.38,-1
1074,0.39,0.3,0.63,0.2,0.5,0.0,0.43,0.47,-1
1075,0.47,0.52,0.54,0.25,0.5,0.0,0.54,0.29,-1
1076,0.77,0.82,0.4,0.36,0.5,0.0,0.38,0.22,-1
1077,0.52,0.55,0.39,0.09,1.0,0.0,0.55,0.25,-1
1078,0.42,0.28,0.33,0.23,0.5,0.0,0.39,0.26,-1
1079,0.47,0.37,0.46,0.28,0.5,0.0,0.52,0.99,-1
1080,0.48,0.5,0.47,0.29,0.5,0.0,0.46,0.27,-1
1081,0.3,0.33,0.55,0.12,0.5,0.0,0.53,0.38,-1
1082,0.49,0.49,0.52,0.18,0.5,0.0,0.51,0.25,-1
1083,0.54,0.59,0.57,0.34,0.5,0.0,0.49,0.22,-1
1084,0.7,0.78,0.53,0.24,0.5,0.0,0.48,0.22,-1
1085,0.85,0.69,0.34,0.31,0.5,0.0,0.57,0.3,-1
1086,0.56,0.59,0.45,0.15,0.5,0.0,0.54,0.22,-1
1087,0.47,0.56,0.53,0.44,0.5,0.0,0.53,0.22,-1
1088,0.53,0.49,0.47,0.21,0.5,0.0,0.53,0.22,-1
1089,0.7,0.57,0.34,0.19,0.5,0.0,0.53,0.27,1
1090,0.42,0.43,0.67,0.7,0.5,0.0,0.42,0.25,-1
1091,0.47,0.44,0.53,0.18,0.5,0.0,0.47,0.29,-1
1092,0.4,0.49,0.53,0.23,0.5,0.0,0.44,0.26,-1
1093,0.45,0.65,0.51,0.17,0.5,0.0,0.49,0.22,-1
1094,0.42,0.42,0.55,0.31,0.5,0.0,0.43,0.22,-1
1095,0.45,0.41,0.53,0.49,0.5,0.0,0.49,0.31,-1
1096,0.42,0.28,0.49,0.22,0.5,0.0,0.55,0.34,-1
1097,0.47,0.5,0.47,0.22,0.5,0.0,0.53,0.45,-1
1098,0.33,0.42,0.55,0.23,0.5,0.0,0.52,0.43,-1
1099,0.56,0.55,0.57,0.15,0.5,0.0,0.54,0.25,-1
1100,0.37,0.47,0.49,0.12,0.5,0.0,0.47,0.31,-1
1101,0.32,0.6,0.48,0.13,0.5,0.0,0.53,0.22,-1
1102,0.38,0.42,0.31,0.35,0.5,0.0,0.52,0.22,-1
1103,0.46,0.56,0.56,0.25,0.5,0.0,0.43,0.22,-1
1104,0.47,0.55,0.57,0.17,0.5,0.0,0.52,0.66,-1
1105,0.37,0.55,0.52,0.13,0.5,0.0,0.42,0.8,-1
1106,0.46,0.48,0.38,0.22,0.5,0.0,0.39,0.45,-1
1107,0.8,0.69,0.53,0.33,0.5,0.0,0.51,0.22,1
1108,0.52,0.65,0.36,0.37,0.5,0.0,0.52,0.34,-1
1109,0.19,0.16,0.68,0.36,0.5,0.0,0.49,0.21,-1
1110,0.64,0.31,0.53,0.15,0.5,0.0,0.53,0.31,-1
1111,0.4,0.43,0.36,0.33,0.5,0.0,0.51,0.22,-1
1112,0.47,0.56,0.51,0.2,0.5,0.0,0.52,0.59,-1
1113,0.4,0.75,0.44,0.12,0.5,0.0,0.49,0.22,-1
1114,0.48,0.55,0.58,0.18,0.5,0.0,0.38,0.69,-1
1115,0.57,0.51,0.34,0.13,0.5,0.0,0.53,0.27,-1
1116,0.23,0.37,0.32,0.13,0.5,0.0,0.53,0.22,-1
1117,0.54,0.5,0.51,0.26,0.5,0.0,0.52,0.22,-1
1118,0.6,0.64,0.56,0.36,0.5,0.0,0.46,0.27,-1
1119,0.27,0.41,0.24,0.2,0.5,0.0,0.49,0.22,-1
1120,0.25,0.35,0.22,0.18,0.5,0.0,0.46,0.22,-1
1121,0.39,0.45,0.51,0.29,0.5,0.0,0.54,0.22,-1
1122,0.33,0.47,0.55,0.24,0.5,0.0,0.45,0.67,-1
1123,0.37,0.4,0.38,0.18,0.5,0.0,0.51,0.22,-1
1124,0.43,0.47,0.47,0.18,0.5,0.0,0.47,0.22,-1
1125,0.66,0.43,0.57,0.6,0.5,0.0,0.19,0.33,-1
1126,0.55,0.4,0.62,0.22,0.5,0.0,0.37,0.28,-1
1127,0.33,0.46,0.6,0.18,0.5,0.0,0.51,0.26,-1
1128,0.51,0.5,0.54,0.11,0.5,0.0,0.6,0.22,-1
1129,0.54,0.6,0.57,0.17,0.5,0.0,0.44,0.22,-1
1130,0.45,0.57,0.38,0.28,0.5,0.0,0.53,0.31,-1
1131,0.55,0.57,0.51,0.07,0.5,0.0,0.55,0.22,-1
1132,0.54,0.47,0.58,0.4,0.5,0.0,0.46,0.27,-1
1133,0.36,0.32,0.55,0.27,0.5,0.0,0.47,0.43,-1
1134,0.46,0.41,0.45,0.23,0.5,0.0,0.48,0.22,-1
1135,0.4,0.39,0.6,0.23,0.5,0.0,0.52,0.31,-1
1136,0.52,0.47,0.58,0.18,0.5,0.0,0.34,0.11,-1
1137,0.52,0.47,0.58,0.18,0.5,0.0,0.34,0.11,-1
1138,0.5,0.45,0.51,0.19,0.5,0.0,0.53,0.25,-1
1139,0.57,0.55,0.51,0.18,0.5,0.0,0.51,0.43,-1
1140,0.44,0.43,0.46,0.28,0.5,0.0,0.45,0.29,-1
1141,0.46,0.5,0.5,0.28,0.5,0.0,0.5,0.37,-1
1142,0.66,0.65,0.54,0.4,0.5,0.0,0.51,0.22,-1
1143,0.77,0.73,0.49,0.46,0.5,0.0,0.38,0.22,-1
1144,0.38,0.58,0.46,0.21,0.5,0.0,0.52,0.22,-1
1145,0.32,0.68,0.51,0.16,0.5,0.83,0.55,0.22,-1
1146,0.27,0.46,0.52,0.17,0.5,0.0,0.49,0.44,-1
1147,0.52,0.45,0.45,0.13,0.5,0.0,0.48,0.22,-1
1148,0.37,0.29,0.45,0.15,0.5,0.0,0.49,0.22,-1
1149,0.37,0.48,0.67,0.37,0.5,0.0,0.56,0.62,-1
1150,0.44,0.59,0.54,0.18,0.5,0.0,0.49,0.22,-1
1151,0.48,0.65,0.36,0.24,0.5,0.0,0.54,0.31,-1
1152,0.59,0.49,0.45,0.22,0.5,0.0,0.45,0.31,-1
1153,0.73,0.52,0.59,0.25,0.5,0.0,0.51,0.22,-1
1154,0.5,0.43,0.5,0.17,0.5,0.0,0.46,0.47,-1
1155,0.23,0.13,0.51,0.16,0.5,0.0,0.53,0.51,-1
1156,0.49,0.6,0.54,0.35,0.5,0.0,0.53,0.46,-1
1157,0.52,0.31,0.56,0.16,0.5,0.0,0.55,0.22,-1
1158,0.49,0.48,0.51,0.21,0.5,0.0,0.53,0.22,-1
1159,0.49,0.6,0.42,0.18,0.5,0.0,0.58,0.28,-1
1160,0.6,0.62,0.54,0.11,0.5,0.0,0.51,0.22,-1
1161,0.55,0.47,0.53,0.2,0.5,0.0,0.4,0.22,-1
1162,0.47,0.32,0.51,0.24,0.5,0.0,0.54,0.27,-1
1163,0.53,0.25,0.59,0.27,0.5,0.0,0.45,0.26,-1
1164,0.31,0.5,0.54,0.32,0.5,0.0,0.53,0.31,-1
1165,0.25,0.33,0.48,0.18,0.5,0.0,0.42,0.33,-1
1166,0.55,0.46,0.47,0.15,0.5,0.0,0.47,0.22,-1
1167,0.61,0.5,0.61,0.21,0.5,0.0,0.55,0.54,-1
1168,0.5,0.52,0.51,0.22,0.5,0.0,0.46,0.37,-1
1169,0.62,0.33,0.49,0.24,0.5,0.0,0.51,0.42,-1
1170,0.56,0.52,0.46,0.17,0.5,0.0,0.49,0.73,-1
1171,0.52,0.56,0.55,0.16,0.5,0.0,0.53,0.39,-1
1172,0.53,0.48,0.51,0.18,0.5,0.0,0.52,0.27,-1
1173,0.51,0.48,0.51,0.19,0.5,0.0,0.51,0.27,-1
1174,0.51,0.48,0.51,0.26,0.5,0.0,0.51,0.27,-1
1175,0.53,0.48,0.51,0.18,0.5,0.0,0.51,0.27,-1
1176,0.6,0.46,0.51,0.1,0.5,0.0,0.48,0.31,-1
1177,0.6,0.46,0.51,0.1,0.5,0.0,0.48,0.31,-1
1178,0.44,0.39,0.63,0.11,0.5,0.0,0.49,0.26,-1
1179,0.51,0.5,0.49,0.45,0.5,0.0,0.48,0.22,-1
1180,0.45,0.45,0.51,0.3,0.5,0.0,0.48,0.44,-1
1181,0.38,0.42,0.47,0.12,0.5,0.0,0.47,0.53,-1
1182,0.19,0.66,0.6,0.14,0.5,0.0,0.2,0.25,-1
1183,0.41,0.42,0.23,0.16,0.5,0.0,0.4,0.22,-1
1184,0.25,0.42,0.21,0.14,0.5,0.0,0.41,0.22,-1
1185,0.7,0.58,0.53,0.39,0.5,0.0,0.59,0.22,-1
1186,0.49,0.31,0.43,0.24,0.5,0.0,0.54,0.22,-1
1187,0.46,0.41,0.43,0.18,0.5,0.0,0.54,0.22,-1
1188,0.83,0.81,0.45,0.38,0.5,0.0,0.4,0.26,-1
1189,0.38,0.51,0.56,0.21,0.5,0.0,0.48,0.31,-1
1190,0.32,0.36,0.28,0.38,0.5,0.0,0.5,0.4,-1
1191,0.4,0.65,0.38,0.17,0.5,0.0,0.57,0.22,-1
1192,0.36,0.37,0.63,0.25,0.5,0.0,0.3,0.22,-1
1193,0.49,0.55,0.41,0.19,0.5,0.0,0.48,0.31,-1
1194,0.3,0.45,0.55,0.19,0.5,0.0,0.53,0.4,-1
1195,0.88,0.72,0.32,0.3,0.5,0.0,0.52,0.33,-1
1196,0.44,0.4,0.53,0.19,0.5,0.0,0.48,0.27,-1
1197,0.45,0.57,0.52,0.21,0.5,0.0,0.54,0.38,-1
1198,0.46,0.61,0.38,0.35,0.5,0.0,0.49,0.22,-1
1199,0.55,0.41,0.67,0.61,0.5,0.0,0.49,0.14,-1
1200,0.28,0.18,0.72,0.26,0.5,0.0,0.49,0.25,-1
1201,0.66,0.65,0.53,0.17,0.5,0.0,0.47,0.66,-1
1202,0.36,0.5,0.39,0.23,0.5,0.0,0.5,0.22,-1
1203,0.48,0.54,0.56,0.29,0.5,0.0,0.51,0.43,-1
1204,0.33,0.37,0.49,0.22,0.5,0.0,0.55,0.22,-1
1205,0.58,0.43,0.32,0.11,0.5,0.0,0.49,0.22,-1
1206,0.58,0.64,0.42,0.3,0.5,0.0,0.54,0.22,-1
1207,0.74,0.82,0.46,0.24,0.5,0.0,0.5,0.31,-1
1208,0.74,0.82,0.46,0.24,0.5,0.0,0.48,0.22,-1
1209,0.75,0.76,0.58,0.22,0.5,0.0,0.49,0.22,-1
1210,0.58,0.37,0.58,0.16,0.5,0.0,0.51,0.22,-1
1211,0.39,0.39,0.65,0.16,0.5,0.0,0.45,0.22,-1
1212,0.51,0.59,0.55,0.21,0.5,0.0,0.52,0.22,-1
1213,0.41,0.35,0.6,0.22,0.5,0.0,0.56,0.79,-1
1214,0.43,0.28,0.41,0.32,0.5,0.0,0.52,0.22,-1
1215,0.41,0.49,0.55,0.13,0.5,0.0,0.55,0.22,-1
1216,0.23,0.29,0.46,0.0,0.5,0.0,0.43,0.31,-1
1217,0.25,0.48,0.45,0.32,0.5,0.0,0.4,0.22,-1
1218,0.38,0.34,0.55,0.44,0.5,0.0,0.48,0.26,-1
1219,0.61,0.54,0.54,0.38,0.5,0.0,0.54,0.29,-1
1220,0.48,0.17,0.37,0.33,0.5,0.0,0.44,0.36,-1
1221,0.47,0.47,0.5,0.19,0.5,0.0,0.51,0.26,-1
1222,0.55,0.38,0.52,0.16,0.5,0.0,0.49,0.64,-1
1223,0.41,0.39,0.61,0.17,0.5,0.0,0.5,0.61,-1
1224,0.41,0.56,0.53,0.16,0.5,0.0,0.55,0.26,-1
1225,0.78,0.73,0.27,0.28,0.5,0.0,0.56,0.22,-1
1226,0.31,0.51,0.38,0.18,0.5,0.0,0.46,0.31,-1
1227,0.63,0.64,0.49,0.2,0.5,0.0,0.52,0.25,-1
1228,0.31,0.4,0.31,0.17,0.5,0.0,0.52,0.22,-1
1229,0.44,0.65,0.49,0.16,0.5,0.0,0.48,0.31,-1
1230,0.48,0.44,0.46,0.37,0.5,0.0,0.46,0.36,-1
1231,0.5,0.49,0.46,0.22,0.5,0.0,0.53,0.25,-1
1232,0.62,0.42,0.47,0.16,0.5,0.0,0.52,0.22,-1
1233,0.5,0.45,0.52,0.18,0.5,0.0,0.52,0.22,-1
1234,0.59,0.51,0.47,0.21,0.5,0.0,0.47,0.22,-1
1235,0.39,0.47,0.49,0.2,0.5,0.0,0.53,0.26,-1
1236,0.49,0.48,0.52,0.24,0.5,0.0,0.5,0.22,-1
1237,0.59,0.48,0.49,0.42,0.5,0.0,0.52,0.22,-1
1238,0.57,0.35,0.5,0.43,0.5,0.0,0.53,0.22,-1
1239,0.61,0.52,0.5,0.44,0.5,0.0,0.53,0.22,-1
1240,0.49,0.51,0.52,0.13,0.5,0.0,0.51,0.33,-1
1241,0.45,0.4,0.56,0.15,0.5,0.0,0.52,0.22,-1
1242,0.63,0.43,0.48,0.11,0.5,0.0,0.51,0.22,-1
1243,0.63,0.43,0.48,0.11,0.5,0.0,0.51,0.22,-1
1244,0.52,0.45,0.53,0.34,0.5,0.0,0.52,0.44,-1
1245,0.54,0.48,0.55,0.33,0.5,0.0,0.55,0.4,-1
1246,0.55,0.79,0.45,0.25,0.5,0.0,0.51,0.22,-1
1247,0.58,0.51,0.63,0.2,0.5,0.0,0.5,0.42,-1
1248,0.63,0.58,0.57,0.1,0.5,0.0,0.52,0.33,-1
1249,0.54,0.67,0.56,0.15,0.5,0.0,0.57,0.33,-1
1250,0.41,0.59,0.65,0.14,0.5,0.0,0.49,0.33,-1
1251,0.47,0.38,0.5,0.15,0.5,0.0,0.49,0.47,-1
1252,0.33,0.17,0.52,0.13,0.5,0.0,0.51,0.75,-1
1253,0.42,0.5,0.59,0.17,0.5,0.0,0.51,0.22,-1
1254,0.54,0.55,0.55,0.4,0.5,0.0,0.53,0.22,-1
1255,0.31,0.31,0.57,0.15,0.5,0.0,0.5,0.22,-1
1256,0.38,0.42,0.5,0.19,0.5,0.0,0.44,0.22,-1
1257,0.33,0.36,0.62,0.26,0.5,0.0,0.55,0.22,-1
1258,0.38,0.42,0.5,0.19,0.5,0.0,0.44,0.22,-1
1259,0.47,0.56,0.58,0.19,0.5,0.0,0.44,0.64,-1
1260,0.32,0.32,0.52,0.18,0.5,0.0,0.48,0.34,-1
1261,0.28,0.27,0.5,0.14,0.5,0.0,0.5,0.28,-1
1262,0.41,0.46,0.57,0.25,0.5,0.0,0.57,0.38,-1
1263,0.44,0.54,0.51,0.16,0.5,0.0,0.58,0.22,-1
1264,0.44,0.55,0.51,0.16,0.5,0.0,0.6,0.22,-1
1265,0.77,0.7,0.44,0.29,0.5,0.0,0.56,0.22,-1
1266,0.4,0.56,0.53,0.15,0.5,0.0,0.49,0.22,-1
1267,0.79,0.79,0.42,0.26,0.5,0.0,0.6,0.22,-1
1268,0.8,0.83,0.43,0.24,0.5,0.0,0.54,0.22,-1
1269,0.58,0.55,0.51,0.13,0.5,0.0,0.52,0.22,-1
1270,0.55,0.69,0.51,0.12,0.5,0.0,0.51,0.22,-1
1271,0.47,0.46,0.53,0.12,0.5,0.0,0.51,0.25,-1
1272,0.57,0.29,0.63,0.22,0.5,0.0,0.49,0.27,-1
1273,0.52,0.49,0.59,0.21,0.5,0.0,0.47,0.22,-1
1274,0.41,0.42,0.53,0.17,0.5,0.0,0.48,0.58,-1
1275,0.45,0.36,0.5,0.19,0.5,0.0,0.53,0.7,-1
1276,0.53,0.51,0.54,0.21,0.5,0.0,0.45,0.22,-1
1277,0.49,0.5,0.42,0.43,0.5,0.0,0.5,0.36,-1
1278,0.44,0.49,0.49,0.27,0.5,0.0,0.52,0.22,-1
1279,0.25,0.26,0.53,0.17,0.5,0.0,0.45,0.22,-1
1280,0.49,0.46,0.54,0.18,0.5,0.0,0.35,0.22,-1
1281,0.42,0.37,0.54,0.17,0.5,0.0,0.51,0.22,-1
1282,0.42,0.45,0.75,0.21,0.5,0.0,0.48,0.22,-1
1283,0.39,0.45,0.75,0.17,0.5,0.0,0.51,0.22,-1
1284,0.63,0.54,0.53,0.27,0.5,0.0,0.49,0.22,-1
1285,0.54,0.43,0.48,0.27,0.5,0.0,0.44,0.41,-1
1286,0.4,0.44,0.5,0.13,0.5,0.0,0.52,0.39,-1
1287,0.55,0.39,0.39,0.47,0.5,0.0,0.5,0.83,-1
1288,0.59,0.48,0.41,0.53,0.5,0.0,0.48,0.56,-1
1289,0.49,0.38,0.49,0.15,0.5,0.0,0.53,0.25,-1
1290,0.53,0.45,0.52,0.29,0.5,0.0,0.55,0.38,-1
1291,0.62,0.6,0.54,0.22,0.5,0.0,0.54,0.27,-1
1292,0.33,0.46,0.53,0.12,0.5,0.0,0.5,0.27,-1
1293,0.57,0.36,0.51,0.25,0.5,0.0,0.54,0.25,-1
1294,0.45,0.76,0.51,0.25,0.5,0.0,0.59,0.22,-1
1295,0.48,0.44,0.51,0.24,0.5,0.0,0.49,0.22,-1
1296,0.59,0.64,0.44,0.26,0.5,0.0,0.5,0.22,-1
1297,0.79,0.56,0.53,0.19,0.5,0.0,0.47,0.35,-1
1298,0.5,0.5,0.48,0.34,0.5,0.0,0.52,0.27,-1
1299,0.79,0.62,0.35,0.35,0.5,0.0,0.6,0.28,1
1300,0.52,0.5,0.6,0.2,0.5,0.0,0.52,0.22,-1
1301,0.59,0.46,0.57,0.17,0.5,0.0,0.52,0.22,-1
1302,0.53,0.42,0.53,0.19,0.5,0.0,0.47,0.22,-1
1303,0.59,0.46,0.55,0.17,0.5,0.0,0.52,0.25,-1
1304,0.61,0.73,0.5,0.58,0.5,0.0,0.5,0.22,-1
1305,0.5,0.43,0.56,0.17,0.5,0.0,0.35,0.22,-1
1306,0.36,0.52,0.61,0.33,0.5,0.0,0.52,0.37,-1
1307,0.66,0.54,0.53,0.17,0.5,0.0,0.54,0.22,-1
1308,0.52,0.51,0.48,0.12,0.5,0.0,0.54,0.31,-1
1309,0.56,0.46,0.51,0.25,0.5,0.0,0.54,0.22,-1
1310,0.47,0.46,0.49,0.27,0.5,0.0,0.59,0.22,-1
1311,0.5,0.46,0.49,0.27,0.5,0.0,0.6,0.22,-1
1312,0.43,0.48,0.36,0.26,0.5,0.0,0.52,0.22,-1
1313,0.5,0.44,0.57,0.28,0.5,0.0,0.57,0.22,-1
1314,0.46,0.47,0.62,0.3,0.5,0.0,0.38,0.22,-1
1315,0.59,0.7,0.46,0.19,0.5,0.0,0.54,0.44,-1
1316,0.19,0.41,0.55,0.13,0.5,0.0,0.52,0.25,-1
1317,0.27,0.43,0.5,0.13,0.5,0.0,0.54,0.31,-1
1318,0.42,0.46,0.44,0.17,0.5,0.0,0.51,0.42,-1
1319,0.49,0.36,0.47,0.28,0.5,0.0,0.56,0.54,-1
1320,0.42,0.51,0.33,0.16,0.5,0.0,0.54,0.22,-1
1321,0.34,0.42,0.48,0.19,0.5,0.0,0.46,0.31,-1
1322,0.6,0.57,0.63,0.22,0.5,0.0,0.5,0.49,-1
1323,0.53,0.44,0.54,0.52,0.5,0.0,0.49,0.38,-1
1324,0.48,0.39,0.56,0.23,0.5,0.0,0.6,0.22,-1
1325,0.56,0.49,0.47,0.13,0.5,0.0,0.52,0.22,-1
1326,0.47,0.59,0.56,0.09,0.5,0.0,0.5,0.22,-1
1327,0.4,0.28,0.58,0.44,0.5,0.0,0.41,0.22,-1
1328,0.54,0.35,0.55,0.19,0.5,0.0,0.3,0.22,-1
1329,0.5,0.47,0.45,0.14,0.5,0.0,0.53,0.32,-1
1330,0.55,0.49,0.6,0.18,0.5,0.0,0.51,0.22,-1
1331,0.55,0.44,0.5,0.09,0.5,0.0,0.55,0.22,-1
1332,0.66,0.37,0.6,0.25,0.5,0.0,0.69,0.22,-1
1333,0.51,0.49,0.48,0.55,0.5,0.0,0.52,0.58,-1
1334,0.36,0.51,0.51,0.17,0.5,0.0,0.52,0.22,-1
1335,0.68,0.68,0.35,0.16,0.5,0.0,0.62,0.22,-1
1336,0.44,0.35,0.55,0.14,0.5,0.0,0.52,0.22,-1
1337,0.73,0.59,0.35,0.15,0.5,0.0,0.54,0.22,-1
1338,0.6,0.37,0.52,0.15,0.5,0.0,0.55,0.26,-1
1339,0.64,0.61,0.56,0.15,0.5,0.0,0.54,0.22,-1
1340,0.48,0.58,0.58,0.12,0.5,0.0,0.49,0.22,-1
1341,0.65,0.58,0.53,0.21,0.5,0.0,0.51,0.22,-1
1342,0.48,0.49,0.49,0.26,0.5,0.0,0.39,0.27,-1
1343,0.57,0.54,0.32,0.15,0.5,0.0,0.52,0.25,-1
1344,0.4,0.36,0.32,0.16,0.5,0.0,0.51,0.27,-1
1345,0.5,0.55,0.52,0.16,0.5,0.0,0.51,0.31,-1
1346,0.65,0.63,0.47,0.22,0.5,0.0,0.52,0.27,-1
1347,0.41,0.48,0.51,0.2,0.5,0.0,0.51,0.22,-1
1348,0.25,0.4,0.54,0.16,0.5,0.0,0.43,0.22,-1
1349,0.63,0.56,0.52,0.21,0.5,0.0,0.5,0.22,-1
1350,0.56,0.68,0.42,0.36,0.5,0.0,0.49,0.22,-1
1351,0.57,0.47,0.48,0.17,0.5,0.0,0.52,0.26,-1
1352,0.46,0.52,0.51,0.13,0.5,0.0,0.47,0.22,-1
1353,0.5,0.4,0.57,0.17,0.5,0.0,0.59,0.22,-1
1354,0.78,0.71,0.35,0.25,0.5,0.0,0.49,0.22,-1
1355,0.64,0.56,0.52,0.17,0.5,0.0,0.54,0.47,-1
1356,1.0,0.8,0.29,0.36,0.5,0.0,0.52,0.22,-1
1357,0.51,0.39,0.56,0.55,0.5,0.0,0.46,0.64,-1
1358,0.69,0.66,0.36,0.09,0.5,0.0,0.56,0.22,-1
1359,0.4,0.45,0.45,0.15,0.5,0.0,0.53,0.48,-1
1360,0.49,0.53,0.36,0.15,0.5,0.0,0.52,0.27,-1
1361,0.39,0.63,0.41,0.27,0.5,0.0,0.49,0.22,-1
1362,0.45,0.51,0.43,0.22,0.5,0.0,0.57,0.22,-1
1363,0.77,0.78,0.27,0.37,0.5,0.0,0.49,0.22,-1
1364,0.88,0.75,0.41,0.36,0.5,0.0,0.43,0.22,1
1365,0.49,0.49,0.4,0.2,0.5,0.0,0.48,0.26,-1
1366,0.57,0.53,0.6,0.28,0.5,0.0,0.52,0.45,-1
1367,0.53,0.52,0.49,0.27,0.5,0.0,0.51,0.22,-1
1368,0.5,0.47,0.56,0.31,0.5,0.0,0.56,0.26,-1
1369,0.71,0.79,0.41,0.38,0.5,0.0,0.54,0.22,-1
1370,0.33,0.49,0.46,0.22,0.5,0.0,0.53,0.33,-1
1371,0.47,0.41,0.46,0.18,0.5,0.0,0.53,0.22,-1
1372,0.45,0.39,0.46,0.29,0.5,0.0,0.42,0.22,-1
1373,0.59,0.56,0.5,0.48,0.5,0.0,0.46,0.22,-1
1374,0.32,0.3,0.57,0.38,0.5,0.0,0.5,0.25,-1
1375,0.26,0.3,0.37,0.15,0.5,0.0,0.53,0.25,-1
1376,0.28,0.41,0.46,0.18,0.5,0.0,0.47,0.39,-1
1377,0.45,0.5,0.43,0.16,0.5,0.0,0.52,0.28,-1
1378,0.24,0.25,0.57,0.28,0.5,0.0,0.51,0.11,-1
1379,0.46,0.61,0.55,0.29,0.5,0.0,0.49,0.22,-1
1380,0.54,0.44,0.38,0.22,0.5,0.0,0.54,0.3,-1
1381,0.22,0.53,0.36,0.22,0.5,0.0,0.54,0.31,-1
1382,0.25,0.41,0.47,0.14,0.5,0.0,0.56,0.68,-1
1383,0.43,0.41,0.37,0.18,0.5,0.0,0.54,0.31,-1
1384,0.4,0.44,0.47,0.25,0.5,0.0,0.54,0.56,-1
1385,0.46,0.59,0.38,0.12,0.5,0.0,0.5,0.22,-1
1386,0.8,0.82,0.4,0.31,0.5,0.0,0.57,0.25,-1
1387,0.29,0.39,0.46,0.36,0.5,0.0,0.51,0.22,-1
1388,0.4,0.4,0.43,0.19,0.5,0.83,0.48,0.22,-1
1389,0.57,0.52,0.46,0.2,0.5,0.83,0.52,0.41,-1
1390,0.43,0.6,0.4,0.12,0.5,0.0,0.49,0.29,-1
1391,0.56,0.71,0.47,0.21,0.5,0.0,0.52,0.22,-1
1392,0.65,0.62,0.26,0.33,0.5,0.0,0.55,0.22,-1
1393,0.77,0.7,0.37,0.12,0.5,0.0,0.49,0.26,-1
1394,0.47,0.61,0.32,0.27,0.5,0.0,0.5,0.3,-1
1395,0.71,0.51,0.49,0.23,0.5,0.0,0.3,0.32,1
1396,0.59,0.48,0.49,0.49,0.5,0.0,0.36,0.32,-1
1397,0.58,0.63,0.52,0.7,0.5,0.0,0.46,0.22,-1
1398,0.3,0.68,0.41,0.17,0.5,0.0,0.51,0.22,-1
1399,0.74,0.73,0.32,0.2,0.5,0.0,0.55,0.22,-1
1400,0.55,0.35,0.36,0.29,0.5,0.0,0.51,0.22,-1
1401,0.35,0.32,0.31,0.16,0.5,0.0,0.56,0.22,-1
1402,0.67,0.61,0.39,0.24,0.5,0.0,0.51,0.22,-1
1403,0.69,0.57,0.39,0.19,0.5,0.0,0.48,0.39,1
1404,0.47,0.41,0.53,0.27,0.5,0.0,0.47,0.25,-1
1405,0.39,0.56,0.34,0.18,0.5,0.0,0.49,0.22,-1
1406,0.51,0.38,0.42,0.21,0.5,0.0,0.46,0.34,-1
1407,0.32,0.45,0.39,0.14,0.5,0.0,0.45,0.22,-1
1408,0.75,0.73,0.35,0.33,0.5,0.0,0.49,0.28,-1
1409,0.54,0.54,0.56,0.18,0.5,0.0,0.46,0.29,-1
1410,0.71,0.64,0.42,0.28,0.5,0.0,0.43,0.22,-1
1411,0.28,0.48,0.36,0.16,0.5,0.0,0.53,0.22,-1
1412,0.58,0.44,0.45,0.32,0.5,0.0,0.52,0.37,-1
1413,0.52,0.65,0.36,0.26,0.5,0.0,0.44,0.22,-1
1414,0.64,0.44,0.56,0.15,0.5,0.0,0.56,0.22,-1
1415,0.48,0.58,0.47,0.17,0.5,0.0,0.53,0.74,-1
1416,0.42,0.71,0.45,0.15,0.5,0.0,0.48,0.22,-1
1417,0.38,0.37,0.36,0.14,0.5,0.0,0.54,0.22,-1
1418,0.4,0.4,0.44,0.37,0.5,0.0,0.53,0.25,-1
1419,0.38,0.56,0.38,0.16,0.5,0.0,0.53,0.22,-1
1420,0.8,0.79,0.43,0.25,0.5,0.0,0.52,0.22,-1
1421,0.63,0.65,0.42,0.18,0.5,0.0,0.54,0.27,-1
1422,0.47,0.4,0.63,0.19,0.5,0.0,0.52,0.32,-1
1423,0.83,0.94,0.32,0.21,0.5,0.0,0.51,0.22,-1
1424,0.61,0.76,0.3,0.16,0.5,0.0,0.45,0.41,-1
1425,0.33,0.38,0.47,0.14,0.5,0.0,0.51,0.47,-1
1426,0.38,0.67,0.33,0.17,0.5,0.0,0.51,0.22,-1
1427,0.39,0.33,0.33,0.23,0.5,0.0,0.47,0.22,-1
1428,0.5,0.63,0.45,0.13,0.5,0.0,0.45,0.32,-1
1429,0.2,0.6,0.5,0.29,0.5,0.0,0.51,0.22,-1
1430,0.29,0.26,0.43,0.17,0.5,0.0,0.55,0.3,-1
1431,0.51,0.46,0.41,0.36,0.5,0.0,0.49,0.22,-1
1432,0.92,0.66,0.52,0.23,0.5,0.0,0.53,0.22,-1
1433,0.49,0.56,0.37,0.2,0.5,0.0,0.53,0.22,-1
1434,0.86,0.78,0.34,0.15,0.5,0.0,0.53,0.22,1
1435,0.38,0.44,0.57,0.14,0.5,0.0,0.53,0.52,-1
1436,0.72,0.73,0.41,0.28,0.5,0.0,0.44,0.22,-1
1437,0.8,0.73,0.47,0.19,0.5,0.0,0.49,0.22,-1
1438,0.49,0.55,0.35,0.23,0.5,0.0,0.57,0.22,-1
1439,0.63,0.71,0.44,0.53,0.5,0.0,0.52,0.22,1
1440,0.6,0.68,0.3,0.27,0.5,0.0,0.55,0.22,-1
1441,0.4,0.43,0.49,0.17,0.5,0.0,0.51,0.36,-1
1442,0.82,0.63,0.47,0.18,0.5,0.0,0.5,0.22,-1
1443,0.77,0.68,0.35,0.19,0.5,0.0,0.53,0.43,-1
1444,0.51,0.59,0.46,0.13,0.5,0.0,0.48,0.22,-1
1445,0.52,0.46,0.34,0.2,0.5,0.0,0.51,0.25,-1
1446,0.47,0.5,0.6,0.63,0.5,0.0,0.38,0.16,-1
1447,0.34,0.24,0.51,0.15,0.5,0.0,0.54,0.4,-1
1448,0.35,0.29,0.46,0.14,0.5,0.0,0.54,0.66,-1
1449,0.58,0.67,0.49,0.16,0.5,0.0,0.47,0.28,-1
1450,0.85,0.85,0.3,0.31,0.5,0.0,0.55,0.42,-1
1451,0.36,0.48,0.61,0.26,0.5,0.0,0.5,0.16,-1
1452,0.41,0.25,0.59,0.44,0.5,0.0,0.6,0.69,-1
1453,0.3,0.37,0.4,0.45,0.5,0.0,0.48,0.41,-1
1454,0.57,0.59,0.49,0.86,0.5,0.0,0.47,0.22,-1
1455,0.38,0.4,0.39,0.19,0.5,0.0,0.46,0.62,-1
1456,0.77,0.74,0.37,0.29,0.5,0.0,0.45,0.22,-1
1457,0.47,0.38,0.58,0.19,0.5,0.0,0.57,0.22,-1
1458,0.5,0.61,0.44,0.2,0.5,0.0,0.49,0.22,-1
1459,0.41,0.45,0.46,0.23,0.5,0.0,0.5,0.7,-1
1460,0.46,0.62,0.46,0.54,0.5,0.0,0.51,0.27,-1
1461,0.74,0.75,0.45,0.44,0.5,0.0,0.52,0.22,-1
1462,0.52,0.53,0.58,0.69,0.5,0.0,0.5,0.22,-1
1463,0.41,0.47,0.5,0.14,0.5,0.0,0.53,0.37,-1
1464,0.25,0.4,0.52,0.15,0.5,0.0,0.56,0.28,-1
1465,0.58,0.56,0.38,0.39,0.5,0.0,0.54,0.57,-1
1466,0.32,0.29,0.29,0.08,0.5,0.0,0.52,0.22,-1
1467,0.38,0.48,0.57,0.3,0.5,0.0,0.41,0.11,-1
1468,0.39,0.58,0.47,0.18,0.5,0.0,0.48,0.22,-1
1469,0.38,0.47,0.47,0.18,0.5,0.0,0.44,0.26,-1
1470,0.63,0.57,0.5,0.48,0.5,0.0,0.51,0.22,-1
1471,0.51,0.45,0.62,0.25,0.5,0.0,0.59,0.22,-1
1472,0.59,0.67,0.54,0.19,0.5,0.0,0.48,0.6,-1
1473,0.6,0.61,0.54,0.11,0.5,0.0,0.46,0.22,-1
1474,0.48,0.61,0.57,0.17,0.5,0.0,0.45,0.22,-1
1475,0.71,0.5,0.5,0.18,0.5,0.0,0.46,0.22,-1
1476,0.61,0.48,0.54,0.25,0.5,0.0,0.5,0.22,-1
1477,0.38,0.32,0.64,0.41,0.5,0.0,0.44,0.11,-1
1478,0.38,0.4,0.66,0.35,0.5,0.0,0.43,0.11,-1
1479,0.81,0.62,0.43,0.17,0.5,0.0,0.53,0.22,1
1480,0.47,0.43,0.61,0.4,0.5,0.0,0.48,0.47,-1
1481,0.67,0.57,0.36,0.19,0.5,0.0,0.56,0.22,1
1482,0.43,0.4,0.6,0.16,0.5,0.0,0.53,0.39,-1
1483,0.65,0.54,0.54,0.13,0.5,0.0,0.53,0.22,-1
